,WarNum,WarName,WarType,WhereFought,Initiator,Outcome,SideADeaths,SideBDeaths,start_date,end_date,side,state,deaths
0,500,First Caucasus,5,2,Chechens,1,5000.0,6000.0,1818-06-10,1822-01-01,SideA,Russia,
442,500,First Caucasus,5,2,Chechens,1,5000.0,6000.0,1818-06-10,1822-01-01,SideB,"Georgians, Dhagestania, Chechens",
1,501,Sidon-Damascus,6,6,Sidon,2,,,1820-06-01,1821-07-21,SideA,Sidon,
443,501,Sidon-Damascus,6,6,Sidon,2,,,1820-06-01,1821-07-21,SideB,Damascus & Aleppo,
445,502,First Two Sicilies,4,2,Liberals,1,,,1820-07-02,1821-03-23,SideB,Liberals,
444,502,First Two Sicilies,4,2,Liberals,1,,,1821-03-01,1821-03-23,SideB,,
2,502,First Two Sicilies,4,2,Liberals,1,,,1821-03-01,1821-03-23,SideA,Austria,
3,502,First Two Sicilies,4,2,Liberals,1,,,1820-07-02,1821-03-23,SideA,Two Sicilies,
4,503,Spanish Royalists,4,2,Royalists,4,,,1821-12-01,1823-04-06,SideA,Spain,
446,503,Spanish Royalists,4,2,Royalists,4,,,1821-12-01,1823-04-06,SideB,Royalists,
6,505,Sardinian Revolt,4,2,Carbonari,1,,,1821-03-10,1821-05-08,SideA,Sardinia,
448,505,Sardinian Revolt,4,2,Carbonari,1,,,1821-03-10,1821-05-08,SideB,Carbonari,
5,505,Sardinian Revolt,4,2,Carbonari,1,,,1821-03-10,1821-05-08,SideA,Austria,
447,505,Sardinian Revolt,4,2,Carbonari,1,,,1821-03-10,1821-05-08,SideB,,
449,506,Greek Independence,5,2,Greeks,4,6000.0,3000.0,1821-03-25,1828-04-25,SideB,Greeks,
450,506,Greek Independence,5,2,Greeks,4,,80.0,1827-10-20,1827-10-27,SideB,United Kingdom,
451,506,Greek Independence,5,2,Greeks,4,,40.0,1827-10-20,1827-10-27,SideB,France,
452,506,Greek Independence,5,2,Greeks,4,,60.0,1827-10-20,1828-04-25,SideB,Russia,
9,506,Greek Independence,5,2,Greeks,4,,40.0,1827-10-20,1827-10-27,SideA,,
7,506,Greek Independence,5,2,Greeks,4,6000.0,3000.0,1821-03-25,1828-04-25,SideA,Ottoman Empire,
8,506,Greek Independence,5,2,Greeks,4,,80.0,1827-10-20,1827-10-27,SideA,,
10,506,Greek Independence,5,2,Greeks,4,,60.0,1827-10-20,1828-04-25,SideA,,
11,507,Egypt-Mehdi,6,6,Mehdi army,1,,,1824-03-20,1824-04-01,SideA,Egypt,
453,507,Egypt-Mehdi,6,6,Mehdi army,1,,,1824-03-20,1824-04-01,SideB,Mehdi army,
454,508,Janissari Revolt,4,6,Janissaries,1,300.0,6000.0,1826-06-14,1826-09-28,SideB,Janissaries,
12,508,Janissari Revolt,4,6,Janissaries,1,300.0,6000.0,1826-06-14,1826-09-28,SideA,Ottoman Empire,
13,510,Miguelite War,4,2,Constitutionalists,2,,100.0,1831-07-01,1834-05-26,SideA,,
14,510,Miguelite War,4,2,Constitutionalists,2,12000.0,8000.0,1828-07-11,1834-05-26,SideA,Portugal,
455,510,Miguelite War,4,2,Constitutionalists,2,,100.0,1831-07-01,1834-05-26,SideB,United Kingdom,
456,510,Miguelite War,4,2,Constitutionalists,2,12000.0,8000.0,1828-07-11,1834-05-26,SideB,Constitutionalists,
15,511,First Murid War,5,2,Ghazi Muhammad,1,1000.0,500.0,1830-01-01,1832-10-17,SideA,Russia,
457,511,First Murid War,5,2,Ghazi Muhammad,1,1000.0,500.0,1830-01-01,1832-10-17,SideB,Ghazi Muhammad,
458,512,First Albanian Revolt,5,2,Albanians,1,5000.0,10000.0,1830-02-01,1831-11-01,SideB,Albanians,
16,512,First Albanian Revolt,5,2,Albanians,1,5000.0,10000.0,1830-02-01,1831-11-01,SideA,Ottoman Empire,
17,513,First French Insurrection,4,2,Liberals,2,400.0,1800.0,1830-07-25,1830-07-28,SideA,France,
459,513,First French Insurrection,4,2,Liberals,2,400.0,1800.0,1830-07-25,1830-07-28,SideB,Liberals,
18,515,Belgian Independence,5,2,Belgians,2,500.0,600.0,1830-08-25,1830-11-04,SideA,Netherlands,
460,515,Belgian Independence,5,2,Belgians,2,500.0,600.0,1830-08-25,1830-11-04,SideB,Belgians,
461,516,Egyptian Taka Expedition,6,6,Egypt,2,1500.0,,1831-01-01,1832-01-01,SideB,Hadendowa,
19,516,Egyptian Taka Expedition,6,6,Egypt,2,1500.0,,1831-01-01,1832-01-01,SideA,Egypt,
462,517,First Polish,5,2,Poles,1,15000.0,20000.0,1831-02-07,1831-10-18,SideB,Poles,
20,517,First Polish,5,2,Poles,1,15000.0,20000.0,1831-02-07,1831-10-18,SideA,Russia,
21,518,First Syrian,5,6,Egyptians,2,8000.0,4000.0,1831-10-01,1832-12-27,SideA,Ottoman Empire,
463,518,First Syrian,5,6,Egyptians,2,8000.0,4000.0,1831-10-01,1832-12-27,SideB,Egyptians & Bashir,
22,520,First Mexican,4,1,Liberals,2,,,1832-01-02,1832-12-11,SideA,Mexico,
464,520,First Mexican,4,1,Liberals,2,,,1832-01-02,1832-12-11,SideB,Liberals,
465,521,Egypt- Palestinian Anti-Conscription Revolt,6,6,Palestinians,2,1500.0,500.0,1834-04-19,1834-10-01,SideB,Egypt,
23,521,Egypt- Palestinian Anti-Conscription Revolt,6,6,Palestinians,2,1500.0,500.0,1834-04-19,1834-10-01,SideA,Palestinians,
466,522,First Carlist War,4,2,Carlists,1,50.0,,1835-10-15,1836-02-15,SideB,,
467,522,First Carlist War,4,2,Carlists,1,65000.0,60000.0,1834-07-15,1840-07-15,SideB,Carlists,
468,522,First Carlist War,4,2,Carlists,1,7700.0,,1835-10-28,1839-01-17,SideB,,
469,522,First Carlist War,4,2,Carlists,1,2500.0,,1835-07-10,1837-09-01,SideB,,
24,522,First Carlist War,4,2,Carlists,1,50.0,,1835-10-15,1836-02-15,SideA,Portugal,
26,522,First Carlist War,4,2,Carlists,1,7700.0,,1835-10-28,1839-01-17,SideA,France,
27,522,First Carlist War,4,2,Carlists,1,2500.0,,1835-07-10,1837-09-01,SideA,United Kingdom,
25,522,First Carlist War,4,2,Carlists,1,65000.0,60000.0,1834-07-15,1840-07-15,SideA,Spain,
28,523,Second Murid,5,2,Shamil,7,,,1834-09-26,1834-10-27,SideA,Russia,
470,523,Second Murid,5,2,Shamil,7,,,1834-09-26,1834-10-27,SideB,Shamil,
29,525,Cabanos Revolt,5,1,Cabanos,1,,,1835-01-06,1837-05-01,SideA,Brazil,
471,525,Cabanos Revolt,5,1,Cabanos,1,,,1835-01-06,1837-05-01,SideB,Cabanos,
472,526,Farroupilha War,5,1,Farrapos,1,,,1835-09-19,1845-03-01,SideB,Farrapos,
30,526,Farroupilha War,5,1,Farrapos,1,,,1835-09-19,1845-03-01,SideA,Brazil,
31,527,Texan,5,1,Texans,2,1500.0,700.0,1835-10-01,1836-04-22,SideA,Mexico,
473,527,Texan,5,1,Texans,2,1500.0,700.0,1835-10-01,1836-04-22,SideB,Texans,
32,528,First Bosnian,5,2,Bosnians,1,,,1836-01-01,1837-01-01,SideA,Ottoman Empire,
474,528,First Bosnian,5,2,Bosnians,1,,,1836-01-01,1837-01-01,SideB,Bosnians,
475,530,Third Murid,5,2,Shamil,1,15000.0,,1836-07-01,1852-01-01,SideB,Shamil,
33,530,Third Murid,5,2,Shamil,1,15000.0,,1836-07-01,1852-01-01,SideA,Russia,
476,531,Sabinada Rebellion,5,1,Bahian Sabinada,1,600.0,1200.0,1837-11-07,1838-03-13,SideB,Bahian Sabinada,
34,531,Sabinada Rebellion,5,1,Bahian Sabinada,1,600.0,1200.0,1837-11-07,1838-03-13,SideA,Brazil,
35,532,Druze Rebellion,6,6,Druze,1,15000.0,,1837-09-27,1838-08-22,SideA,Egypt & Bashir,
477,532,Druze Rebellion,6,6,Druze,1,15000.0,,1837-09-27,1838-08-22,SideB,Druze,
478,533,"Second Syrian, Phase 1",5,6,Mehmet Ali,2,2000.0,1000.0,1839-06-10,1839-06-24,SideB,Egypt,
36,533,"Second Syrian, Phase 1",5,6,Mehmet Ali,2,2000.0,1000.0,1839-06-10,1839-06-24,SideA,Ottoman Empire,
479,535,Lebanon Insurgency,6,6,Amir Bashir & Egypt,2,3500.0,1000.0,1840-05-27,1840-07-13,SideB,Amir Bashir & Egypt,
37,535,Lebanon Insurgency,6,6,Amir Bashir & Egypt,2,3500.0,1000.0,1840-05-27,1840-07-13,SideA,Lebanese Maronites,
38,536,First Colombian,4,1,Progressives,2,,,1840-07-15,1842-07-15,SideA,Colombia,
480,536,First Colombian,4,1,Progressives,2,,,1840-07-15,1842-07-15,SideB,Progressives,
481,537,"Second Syrian, Phase 2",5,6,United Kingdom,1,14.0,,1840-09-09,1840-11-27,SideB,,
40,537,"Second Syrian, Phase 2",5,6,United Kingdom,1,8000.0,19000.0,1840-09-09,1840-11-27,SideA,Ottoman Empire,
39,537,"Second Syrian, Phase 2",5,6,United Kingdom,1,14.0,,1840-09-09,1840-11-27,SideA,United Kingdom,
482,537,"Second Syrian, Phase 2",5,6,United Kingdom,1,8000.0,19000.0,1840-09-09,1840-11-27,SideB,Egypt,
41,538,"First Argentina War, Phase 2",4,1,Unitarios,1,300.0,3000.0,1841-01-01,1842-12-06,SideA,Argentina,
483,538,"First Argentina War, Phase 2",4,1,Unitarios,1,300.0,3000.0,1841-01-01,1842-12-06,SideB,Unitarios,
484,540,Second Bosnian,5,2,Bosnians,1,,,1841-01-01,1841-01-01,SideB,Bosnians,
42,540,Second Bosnian,5,2,Bosnians,1,,,1841-01-01,1841-01-01,SideA,Ottoman Empire,
43,541,Triangular Revolt,4,1,Military,2,,,1841-09-04,1841-10-06,SideA,Mexico,
485,541,Triangular Revolt,4,1,Military,2,,,1841-09-04,1841-10-06,SideB,Military,
486,542,Karbala Revolt,5,6,Ottomans,1,1600.0,3000.0,1842-12-19,1843-01-13,SideB,Karbala,
44,542,Karbala Revolt,5,6,Ottomans,1,1600.0,3000.0,1842-12-19,1843-01-13,SideA,Ottoman Empire,
487,543,First Maronite-Druze,7,6,Maronites,2,2000.0,1000.0,1845-04-28,1845-05-28,SideB,Druze,
45,543,First Maronite-Druze,7,6,Maronites,2,2000.0,1000.0,1845-04-28,1845-05-28,SideA,Maronites,
46,545,"Mayan Caste War, Phase 1",6,1,Mayans,4,,1800.0,1847-01-15,1848-08-16,SideA,Mayans,
488,545,"Mayan Caste War, Phase 1",6,1,Mayans,4,,1800.0,1847-01-15,1848-08-16,SideB,Yucutan,
489,546,Second Carlist,4,2,Carlists,1,3000.0,7000.0,1847-05-15,1849-05-01,SideB,Carlists,
47,546,Second Carlist,4,2,Carlists,1,3000.0,7000.0,1847-05-15,1849-05-01,SideA,Spain,
490,547,Second Two Sicilies,4,2,Liberals,1,1500.0,,1848-01-12,1848-01-27,SideB,Liberals,
48,547,Second Two Sicilies,4,2,Liberals,1,1500.0,,1848-01-12,1848-01-27,SideA,Two Sicilies,
491,548,First Venezuelan,4,1,Former Pres. Paez,1,1500.0,,1848-02-04,1849-08-15,SideB,Paez led Conservatives ,
49,548,First Venezuelan,4,1,Former Pres. Paez,1,1500.0,,1848-02-04,1849-08-15,SideA,Venezuela,
50,550,Viennese Revolt,4,2,Viennese,1,249.0,3000.0,1848-03-13,1848-10-28,SideA,Austria,
492,550,Viennese Revolt,4,2,Viennese,1,249.0,3000.0,1848-03-13,1848-10-28,SideB,Viennese,
493,551,Milan Five Day Revolt,5,2,Milan,4,600.0,430.0,1848-03-18,1848-03-23,SideB,Milan,
51,551,Milan Five Day Revolt,5,2,Milan,4,600.0,430.0,1848-03-18,1848-03-23,SideA,Austria,
494,552,Second French Insurrection,4,2,Radicals,1,1200.0,1600.0,1848-06-23,1848-06-26,SideB,Radicals,
52,552,Second French Insurrection,4,2,Radicals,1,1200.0,1600.0,1848-06-23,1848-06-26,SideA,France,
53,553,"Mayan Caste War, Phase 2",5,1,Mexico,1,,,1848-08-17,1855-03-04,SideA,Mexico,
495,553,"Mayan Caste War, Phase 2",5,1,Mexico,1,,,1848-08-17,1855-03-04,SideB,Yucatan Maya,
54,554,Hungarian,5,2,Magyars,1,46000.0,20000.0,1848-09-09,1849-08-13,SideA,Austria,
55,554,Hungarian,5,2,Magyars,1,14500.0,,1849-07-16,1849-08-13,SideA,Russia,
497,554,Hungarian,5,2,Magyars,1,14500.0,,1849-07-16,1849-08-13,SideB,,
496,554,Hungarian,5,2,Magyars,1,46000.0,20000.0,1848-09-09,1849-08-13,SideB,Hungary,
56,555,First Chilean,4,1,Liberals,1,1500.0,2500.0,1851-09-05,1851-12-15,SideA,Chile,
498,555,First Chilean,4,1,Liberals,1,1500.0,2500.0,1851-09-05,1851-12-15,SideB,Liberals,
499,556,First Turco-Montenegrin,5,2,Turkey,2,,,1852-12-02,1853-03-13,SideB,Montenegro & Hercegovina,
57,556,First Turco-Montenegrin,5,2,Turkey,2,,,1852-12-02,1853-03-13,SideA,Ottoman Empire,
500,557,First Peru,4,1,Liberals,2,,,1853-12-21,1855-01-07,SideB,Liberals,
58,557,First Peru,4,1,Liberals,2,,,1853-12-21,1855-01-07,SideA,Peru,
501,558,Puebla War,4,1,Military,1,600.0,3000.0,1855-12-11,1856-03-21,SideB,Puebla,
59,558,Puebla War,4,1,Military,1,600.0,3000.0,1855-12-11,1856-03-21,SideA,Mexico,
60,560,Second Peru,4,1,Conservatives,1,,,1856-10-28,1858-03-07,SideA,Peru,
502,560,Second Peru,4,1,Conservatives,1,,,1856-10-28,1858-03-07,SideB,Conservatives,
61,561,Mexican Reform,4,1,Liberals,4,,,1858-02-15,1861-01-01,SideA,Mexico,
503,561,Mexican Reform,4,1,Liberals,4,,,1858-02-15,1861-01-01,SideB,Liberals,
62,562,Second Turco-Montenegrin,5,2,Montenegrins,2,3000.0,1400.0,1858-05-04,1859-06-01,SideA,Ottoman Empire,
504,562,Second Turco-Montenegrin,5,2,Montenegrins,2,3000.0,1400.0,1858-05-04,1859-06-01,SideB,Montenegrins,
63,563,Second Venezuelan/Federalist,4,1,Liberals,2,15000.0,5000.0,1859-02-01,1863-05-23,SideA,Venezuela,
505,563,Second Venezuelan/Federalist,4,1,Liberals,2,15000.0,5000.0,1859-02-01,1863-05-23,SideB,Liberals,
64,565,Second Colombian,4,1,Liberals,2,,,1860-05-15,1861-07-18,SideA,Colombia,
506,565,Second Colombian,4,1,Liberals,2,,,1860-05-15,1861-07-18,SideB,Liberals,
507,566,Second Maronite-Druze,7,6,Maronites,2,8000.0,1500.0,1860-05-26,1860-07-12,SideB,Druze,
65,566,Second Maronite-Druze,7,6,Maronites,2,8000.0,1500.0,1860-05-26,1860-07-12,SideA,Maronites,
66,567,"Taiping Rebellion, Phase 2",4,7,Taipings,1,26000.0,85000.0,1860-10-25,1866-02-09,SideA,China,
67,567,"Taiping Rebellion, Phase 2",4,7,Taipings,1,25.0,,1862-03-01,1862-08-01,SideA,United Kingdom,
508,567,"Taiping Rebellion, Phase 2",4,7,Taipings,1,26000.0,85000.0,1860-10-25,1866-02-09,SideB,Taipings,
509,567,"Taiping Rebellion, Phase 2",4,7,Taipings,1,25.0,,1862-03-01,1862-08-01,SideB,,
510,568,Second Nien Revolt,5,7,Niens,1,,,1860-10-25,1868-08-16,SideB,Niens,
68,568,Second Nien Revolt,5,7,Niens,1,,,1860-10-25,1868-08-16,SideA,China,
69,570,Miao Revolt Phase 2,5,7,Miaos,1,,,1860-10-25,1872-05-01,SideA,China,
511,570,Miao Revolt Phase 2,5,7,Miaos,1,,,1860-10-25,1872-05-01,SideB,Miaos,
512,571,Panthay Rebellion Phase 2,5,7,Muslims,1,,,1860-10-25,1872-12-26,SideB,Muslims (Hui),
70,571,Panthay Rebellion Phase 2,5,7,Muslims,1,,,1860-10-25,1872-12-26,SideA,China,
71,572,U.S. Civil War,5,1,Confederacy,1,360000.0,258000.0,1861-04-10,1865-04-09,SideA,United States of America,
513,572,U.S. Civil War,5,1,Confederacy,1,360000.0,258000.0,1861-04-10,1865-04-09,SideB,Confederacy,
514,573,Third Buenos Aires,5,1,Buenos Aires,2,500.0,500.0,1861-08-20,1861-12-02,SideB,Buenos Aires,
72,573,Third Buenos Aires,5,1,Buenos Aires,2,500.0,500.0,1861-08-20,1861-12-02,SideA,Argentina,
73,575,Third Turco-Montenegrin,5,2,Ottoman Empire,3,,,1861-12-01,1862-08-28,SideA,Turkey,
515,575,Third Turco-Montenegrin,5,2,Ottoman Empire,3,,,1861-12-01,1862-08-28,SideB,Montenegro,
74,576,Tungan Rebellion,5,7,Muslims  in Sinkiang,1,,,1862-05-01,1873-10-24,SideA,China,
516,576,Tungan Rebellion,5,7,Muslims  in Sinkiang,1,,,1862-05-01,1873-10-24,SideB,Muslims  in Sinkiang,
517,577,Sioux-Minnesota,6,1,Santee Sioux,2,217.0,851.0,1862-08-17,1862-09-26,SideB,Settlers & militia,
75,577,Sioux-Minnesota,6,1,Santee Sioux,2,217.0,851.0,1862-08-17,1862-09-26,SideA,Santee Sioux,
76,578,Bolivan Perez Rebellion,4,1,Gregorio Perez,1,,,1862-09-15,1862-09-15,SideA,Boliva,
518,578,Bolivan Perez Rebellion,4,1,Gregorio Perez,1,,,1862-09-15,1862-09-15,SideB,Gregorio Perez's followers,
519,580,Second Polish,5,2,Poles,1,10000.0,6500.0,1863-01-22,1864-04-19,SideB,Poles,
77,580,Second Polish,5,2,Poles,1,10000.0,6500.0,1863-01-22,1864-04-19,SideA,Russia,
520,581,Second Argentina,4,1,Montoneros,1,,,1863-04-02,1863-11-12,SideB,Montoneros,
78,581,Second Argentina,4,1,Montoneros,1,,,1863-04-02,1863-11-12,SideA,Argentina,
80,582,Xinjiang Muslim Revolt,5,7,Muslims,2,,,1864-07-01,1871-07-03,SideA,China,
79,582,Xinjiang Muslim Revolt,5,7,Muslims,2,,,1871-06-24,1871-07-03,SideA,Russia,
522,582,Xinjiang Muslim Revolt,5,7,Muslims,2,,,1864-07-01,1871-07-03,SideB,Muslims,
521,582,Xinjiang Muslim Revolt,5,7,Muslims,2,,,1871-06-24,1871-07-03,SideB,,
81,583,First  Cretan,5,2,Cretans,1,,,1866-05-28,1867-02-22,SideA,Ottoman Empire,
523,583,First  Cretan,5,2,Cretans,1,,,1866-05-28,1867-02-22,SideB,Cretans,
524,585,Yellow Cliff Revolt,5,7,Zhang Jizhong,1,,,1866-10-01,1867-10-01,SideB,Zhang Jizhong's followers,
82,585,Yellow Cliff Revolt,5,7,Zhang Jizhong,1,,,1866-10-01,1867-10-01,SideA,China,
525,586,Third Argentina,4,1,Federalists,1,,,1866-12-15,1867-10-15,SideB,Montoneros,
83,586,Third Argentina,4,1,Federalists,1,,,1866-12-15,1867-10-15,SideA,Argentina,
84,587,Queretaro,4,1,Liberals,2,1500.0,1000.0,1867-02-06,1867-05-14,SideA,Mexico,
526,587,Queretaro,4,1,Liberals,2,1500.0,1000.0,1867-02-06,1867-05-14,SideB,Liberals,
85,588,Meiji Restoration,4,7,Japan,1,,,1868-01-03,1868-07-04,SideA,Japan,
527,588,Meiji Restoration,4,7,Japan,1,,,1868-01-03,1868-07-04,SideB,Tokugawa,
86,590,Third Venezuelan,4,1,Conservatives,2,,,1868-01-11,1868-08-14,SideA,Venezuela,
528,590,Third Venezuelan,4,1,Conservatives,2,,,1868-01-11,1868-08-14,SideB,Conservatives,
87,591,Spanish Liberals,4,2,Liberals,2,,,1868-09-18,1868-09-28,SideA,Spain,
529,591,Spanish Liberals,4,2,Liberals,2,,,1868-09-18,1868-09-28,SideB,Liberals,
88,592,Guerre des Cacos,4,1,Black peasants,2,,,1869-02-01,1869-12-18,SideA,Haiti,
530,592,Guerre des Cacos,4,1,Black peasants,2,,,1869-02-01,1869-12-18,SideB,Black peasants,
531,593,Fourth Argentina,5,1,Entre Rios Province,1,,,1870-05-20,1871-03-13,SideB,Entre Rios Province,
89,593,Fourth Argentina,5,1,Entre Rios Province,1,,,1870-05-20,1871-03-13,SideA,Argentina,
90,595,Bolivia-Criollos,4,1,Crillos,2,,,1870-11-24,1871-01-15,SideA,Bolivia,
532,595,Bolivia-Criollos,4,1,Crillos,2,,,1870-11-24,1871-01-15,SideB,Crillos,
91,596,Paris Commune,4,2,Communards,1,879.0,25000.0,1871-04-02,1871-05-28,SideA,France,
533,596,Paris Commune,4,2,Communards,1,879.0,25000.0,1871-04-02,1871-05-28,SideB,Communards,
92,597,Third Carlist,4,2,Carlists,1,7000.0,43000.0,1872-04-20,1876-02-20,SideA,Spain,
534,597,Third Carlist,4,2,Carlists,1,7000.0,43000.0,1872-04-20,1876-02-20,SideB,Carlists,
535,598,Catonalist Uprising,5,2,Rebel cities (cantons),1,,,1874-01-01,1875-01-01,SideB,Rebel cities (cantons),
93,598,Catonalist Uprising,5,2,Rebel cities (cantons),1,,,1874-01-01,1875-01-01,SideA,Spain,
94,600,Fifth Argentina,4,1,Mitre led Rebels,1,,,1874-09-01,1874-11-06,SideA,Argentina,
536,600,Fifth Argentina,4,1,Mitre led Rebels,1,,,1874-09-01,1874-11-06,SideB,Mitre led Rebels,
95,601,Bosnia & Bulgaria Revolt,5,2,Bosnia & Bulgaria,4,6000.0,3000.0,1875-06-28,1876-06-28,SideA,Ottoman Empire,
537,601,Bosnia & Bulgaria Revolt,5,2,Bosnia & Bulgaria,4,6000.0,3000.0,1875-06-28,1876-06-28,SideB,Bosnia & Bulgaria,
96,602,Diaz Revolt,4,1,Rebels,2,1900.0,,1876-03-01,1876-11-23,SideA,Mexico,
538,602,Diaz Revolt,4,1,Rebels,2,1900.0,,1876-03-01,1876-11-23,SideB,Rebels,
97,603,Defeat of Xinjiang Muslims,5,7,China,1,,,1876-04-01,1877-12-01,SideA,China,
539,603,Defeat of Xinjiang Muslims,5,7,China,1,,,1876-04-01,1877-12-01,SideB,Muslims,
98,605,Third Colombian,4,1,Conservatives,1,2100.0,1770.0,1876-07-26,1877-07-01,SideA,Colombia,
540,605,Third Colombian,4,1,Conservatives,1,2100.0,1770.0,1876-07-26,1877-07-01,SideB,Conservatives,
99,607,Satsuma Rebellion,5,7,Satsumas,1,7000.0,10000.0,1877-01-28,1877-09-24,SideA,Japan,
541,607,Satsuma Rebellion,5,7,Satsumas,1,7000.0,10000.0,1877-01-28,1877-09-24,SideB,Satsumas,
542,608,Argentine Indians,5,1,Argentina,1,200.0,1500.0,1879-04-06,1880-07-08,SideB,Indians,
100,608,Argentine Indians,5,1,Argentina,1,200.0,1500.0,1879-04-06,1880-07-08,SideA,Argentina,
101,610,Fourth Buenos Aires,5,1,Buenos Aires,1,400.0,800.0,1880-06-21,1880-07-21,SideA,Argentina,
543,610,Fourth Buenos Aires,5,1,Buenos Aires,1,400.0,800.0,1880-06-21,1880-07-21,SideB,Buenos Aires,
102,611,Haitian Civil War,4,1,Liberals,1,8000.0,100.0,1883-03-27,1884-01-08,SideA,Haiti,
544,611,Haitian Civil War,4,1,Liberals,1,8000.0,100.0,1883-03-27,1884-01-08,SideB,Liberals,
545,612,Fourth Colombian,4,1,Liberals,1,300.0,700.0,1884-11-15,1885-08-26,SideB,Liberals,
103,612,Fourth Colombian,4,1,Liberals,1,300.0,700.0,1884-11-15,1885-08-26,SideA,Colombia,
104,613,Peru's National Problem,5,1,Indians,1,200.0,2000.0,1885-03-02,1885-05-25,SideA,Peru,
546,613,Peru's National Problem,5,1,Indians,1,200.0,2000.0,1885-03-02,1885-05-25,SideB,Indians,
547,616,First Yemen Rebellion,5,6,Zaidi Imam,1,,,1890-04-01,1892-09-01,SideB,Zaidi Imam,
105,616,First Yemen Rebellion,5,6,Zaidi Imam,1,,,1890-04-01,1892-09-01,SideA,Ottoman Empire,
106,617,Second Chilean,4,1,Congressists,2,1000.0,700.0,1891-01-07,1891-08-28,SideA,Chile,
548,617,Second Chilean,4,1,Congressists,2,1000.0,700.0,1891-01-07,1891-08-28,SideB,Congressists,
107,618,Zaili-Jinden Revolt,5,7,Zaili & Jindan Sects,1,500.0,10000.0,1891-11-11,1891-12-27,SideA,China,
549,618,Zaili-Jinden Revolt,5,7,Zaili & Jindan Sects,1,500.0,10000.0,1891-11-11,1891-12-27,SideB,Zaili & Jindan Sects,
108,620,Brazil Federalists,5,1,Rio Grande do Sul,1,1500.0,,1893-02-02,1894-08-28,SideA,Brazil,
550,620,Brazil Federalists,5,1,Rio Grande do Sul,1,1500.0,,1893-02-02,1894-08-28,SideB,Rio Grande do Sul,
109,621,Brazil Naval,4,1,Naval Royalists,1,1000.0,,1893-09-06,1894-04-16,SideA,Brazil,
551,621,Brazil Naval,4,1,Naval Royalists,1,1000.0,,1893-09-06,1894-04-16,SideB,Naval Royalists,
111,623,Tonghak Rebellion,4,7,Tonghak Society,1,,,1894-02-28,1894-05-06,SideA,Korea,
552,623,Tonghak Rebellion,4,7,Tonghak Society,1,,,1894-10-24,1894-11-28,SideB,,
110,623,Tonghak Rebellion,4,7,Tonghak Society,1,,,1894-10-24,1894-11-28,SideA,Japan,
553,623,Tonghak Rebellion,4,7,Tonghak Society,1,,,1894-02-28,1894-05-06,SideB,Tonghak Society,
554,625,Third Peru,4,1,Liberals,2,,,1894-10-15,1895-03-19,SideB,Liberals,
112,625,Third Peru,4,1,Liberals,2,,,1894-10-15,1895-03-19,SideA,Peru,
555,626,Fifth Colombian,4,1,Liberals,1,400.0,800.0,1895-01-22,1895-03-15,SideB,Liberals,
113,626,Fifth Colombian,4,1,Liberals,1,400.0,800.0,1895-01-22,1895-03-15,SideA,Colombia,
556,627,Ecuador Liberals,4,1,liberal caudillos,2,900.0,100.0,1895-02-18,1895-09-22,SideB,liberal caudillos,
114,627,Ecuador Liberals,4,1,liberal caudillos,2,900.0,100.0,1895-02-18,1895-09-22,SideA,Ecuador,
557,628,First Gansu Muslim,5,7,Gansu Muslims,1,,,1895-04-01,1896-04-01,SideB,Gansu Muslims,
115,628,First Gansu Muslim,5,7,Gansu Muslims,1,,,1895-04-01,1896-04-01,SideA,China,
116,630,Druze-Turkish,5,6,Druze,1,,,1895-10-01,1896-01-01,SideA,Ottoman Empire,
558,630,Druze-Turkish,5,6,Druze,1,,,1895-10-01,1896-01-01,SideB,Druze,
559,631,Second Cretan,5,2,Cretan Muslims,4,,,1896-03-10,1897-02-14,SideB,Cretan Muslims,
117,631,Second Cretan,5,2,Cretan Muslims,4,,,1896-03-10,1897-02-14,SideA,Ottoman Empire,
560,632,Third Brazil-Canudos,5,1,Brazil,1,2200.0,3000.0,1896-10-01,1897-10-05,SideB,Canudos,
118,632,Third Brazil-Canudos,5,1,Brazil,1,2200.0,3000.0,1896-10-01,1897-10-05,SideA,Brazil,
561,633,Fourth Venezuelan,4,1,Castro Led Rebels,2,1200.0,900.0,1899-05-24,1899-10-22,SideB,Castro Led Rebels,
119,633,Fourth Venezuelan,4,1,Castro Led Rebels,2,1200.0,900.0,1899-05-24,1899-10-22,SideA,Venezuela,
120,635,Second Yaqui War,5,1,Yaqui Indians,1,100.0,1500.0,1899-07-21,1900-01-18,SideA,Mexico,
562,635,Second Yaqui War,5,1,Yaqui Indians,1,100.0,1500.0,1899-07-21,1900-01-18,SideB,Yaqui Indians,
121,636,Sixth Colombian (War of the 1000 Days),4,1,Liberals,1,47000.0,53000.0,1899-10-17,1902-11-21,SideA,Colombia,
563,636,Sixth Colombian (War of the 1000 Days),4,1,Liberals,1,47000.0,53000.0,1899-10-17,1902-11-21,SideB,Liberals,
564,638,Fifth Venezuelan,4,1,Matos Led Rebels,1,1000.0,3000.0,1901-12-19,1903-07-19,SideB,Matos Led Rebels,
122,638,Fifth Venezuelan,4,1,Matos Led Rebels,1,1000.0,3000.0,1901-12-19,1903-07-19,SideA,Venezuela,
565,640,Ilinden,5,2,IMRO Rebels,1,5330.0,1000.0,1903-08-02,1903-11-02,SideB,IMRO Rebels,
123,640,Ilinden,5,2,IMRO Rebels,1,5330.0,1000.0,1903-08-02,1903-11-02,SideA,Ottoman Empire,
124,641,First Uruguay,4,1,Blancos,1,,,1904-01-01,1904-09-01,SideA,Uruguay,
566,641,First Uruguay,4,1,Blancos,1,,,1904-01-01,1904-09-01,SideB,Blancos,
567,642,Second Yemen Rebellion,5,6,Yemen,6,30000.0,,1904-11-08,1906-01-10,SideB,Imam Yahya's forces,
125,642,Second Yemen Rebellion,5,6,Yemen,6,30000.0,,1904-11-08,1906-01-10,SideA,Ottoman Empire,
126,643,Bloody Sunday,4,2,Workers/Peasants,1,1500.0,,1905-01-22,1906-01-01,SideA,Russia,
568,643,Bloody Sunday,4,2,Workers/Peasants,1,1500.0,,1905-01-22,1906-01-01,SideB,Workers/Peasants,
569,645,Romanian Peasant Revolt,4,2,Peasants,1,2000.0,,1907-03-15,1907-04-28,SideB,Peasants,
127,645,Romanian Peasant Revolt,4,2,Peasants,1,2000.0,,1907-03-15,1907-04-28,SideA,Romania,
570,646,Overthrow of Abd el-Aziz,4,6,Mulai el-Hafid,2,200.0,,1907-08-07,1908-06-15,SideB,,
571,646,Overthrow of Abd el-Aziz,4,6,Mulai el-Hafid,2,400.0,800.0,1907-08-01,1908-09-01,SideB,Mulai el-Hafid,
128,646,Overthrow of Abd el-Aziz,4,6,Mulai el-Hafid,2,200.0,,1907-08-07,1908-06-15,SideA,France,
129,646,Overthrow of Abd el-Aziz,4,6,Mulai el-Hafid,2,400.0,800.0,1907-08-01,1908-09-01,SideA,Morocco,
573,647,Iranian Constitution War,4,6,Constitutionalists,2,,,1908-06-23,1909-07-17,SideB,Constitutionalists,
130,647,Iranian Constitution War,4,6,Constitutionalists,2,100.0,,1909-04-28,1909-07-17,SideA,Russia,
131,647,Iranian Constitution War,4,6,Constitutionalists,2,,,1908-06-23,1909-07-17,SideA,Iran,
572,647,Iranian Constitution War,4,6,Constitutionalists,2,100.0,,1909-04-28,1909-07-17,SideB,,
574,648,Young Turks Counter-coup,4,6,Anti-government troops,1,,,1909-04-14,1909-04-28,SideB,Anti-government troops,
132,648,Young Turks Counter-coup,4,6,Anti-government troops,1,,,1909-04-14,1909-04-28,SideA,Ottoman Empire,
575,650,Second Albanian Revolt,5,2,Albania,4,,,1910-03-01,1912-10-16,SideB,Albania,
133,650,Second Albanian Revolt,5,2,Albania,4,,,1910-03-01,1912-10-16,SideA,Ottoman Empire,
576,651,Asir-Yemen Revolt,5,6,Yemen & Asir,6,7000.0,2000.0,1910-10-15,1911-10-09,SideB,Yemen & Asir Imam Ibn Idris & Sayyid Muhammad,
134,651,Asir-Yemen Revolt,5,6,Yemen & Asir,6,7000.0,2000.0,1910-10-15,1911-10-09,SideA,Ottoman Empire,
577,652,Third Mexican,4,1,Liberals & Radicals,2,56250.0,37500.0,1910-11-20,1914-07-15,SideB,Liberals & Radicals,
135,652,Third Mexican,4,1,Liberals & Radicals,2,56250.0,37500.0,1910-11-20,1914-07-15,SideA,Mexico,
136,656,Paraguay,4,1,Radicals,2,4000.0,1000.0,1911-07-15,1912-05-11,SideA,Paraguay,
578,656,Paraguay,4,1,Radicals,2,4000.0,1000.0,1911-07-15,1912-05-11,SideB,Radicals,
137,657,First Nationalist,4,7,Republicans,2,800.0,200.0,1911-10-11,1911-12-28,SideA,China,
579,657,First Nationalist,4,7,Republicans,2,800.0,200.0,1911-10-11,1911-12-28,SideB,Nat. Rel. Alliance,
580,658,Cuban Black Uprising,5,1,Patri do Indepentente,1,50.0,1000.0,1912-05-20,1912-06-27,SideB,Patri do Indepentente,
138,658,Cuban Black Uprising,5,1,Patri do Indepentente,1,50.0,1000.0,1912-05-20,1912-06-27,SideA,Cuba,
581,670,Ecuadorian Civil War,5,1,Esmeraldas province,1,,,1912-01-01,1914-01-01,SideB,Esmeraldas province,
139,670,Ecuadorian Civil War,5,1,Esmeraldas province,1,,,1912-01-01,1914-01-01,SideA,Ecuador,
582,671,Second Nationalist,4,7,Republicans,1,,,1913-07-12,1913-09-01,SideB,Republicans,
140,671,Second Nationalist,4,7,Republicans,1,,,1913-07-12,1913-09-01,SideA,China,
141,672,China Pai Ling (White Wolf),5,7,Pai-Lings,1,,,1914-03-15,1914-09-15,SideA,China,
583,672,China Pai Ling (White Wolf),5,7,Pai-Lings,1,,,1914-03-15,1914-09-15,SideB,Pai-Lings,
142,673,Fourth Mexican,4,1,Conventionists,1,15.0,,1915-03-15,1917-02-05,SideA,United States,
143,673,Fourth Mexican,4,1,Conventionists,1,18750.0,12500.0,1914-11-19,1920-07-28,SideA,Mexico,
585,673,Fourth Mexican,4,1,Conventionists,1,18750.0,12500.0,1914-11-19,1920-07-28,SideB,Conventionists,
584,673,Fourth Mexican,4,1,Conventionists,1,15.0,,1915-03-15,1917-02-05,SideB,,
144,675,Southern China Revolt,5,7,Yunnan Rebels,1,,,1916-01-01,1918-11-17,SideA,China,
586,675,Southern China Revolt,5,7,Yunnan Rebels,1,,,1916-01-01,1918-11-17,SideB,Yunnan Rebels,
587,676,Russia-Turkestan,5,2,Kirghiz & Kazables,1,350.0,1000.0,1916-07-04,1917-02-27,SideB,Kirghiz & Kazaks,
145,676,Russia-Turkestan,5,2,Kirghiz & Kazables,1,350.0,1000.0,1916-07-04,1917-02-27,SideA,Russia,
588,677,Russian Civil War,4,2,,1,,50.0,1919-04-15,1919-04-28,SideB,Finland,
589,677,Russian Civil War,4,2,,1,,1500.0,1918-08-03,1920-10-15,SideB,Japan,
591,677,Russian Civil War,4,2,,1,,350.0,1918-06-23,1920-03-15,SideB,United Kingdom,
151,677,Russian Civil War,4,2,,1,,50.0,1918-06-23,1919-09-28,SideA,,
148,677,Russian Civil War,4,2,Anti-Bolsheviks,1,475000.0,325000.0,1917-12-09,1921-03-18,SideA,USSR,
146,677,Russian Civil War,4,2,,1,,50.0,1919-04-15,1919-04-28,SideA,,
149,677,Russian Civil War,4,2,,1,,350.0,1918-06-23,1920-03-15,SideA,,
592,677,Russian Civil War,4,2,,1,,275.0,1918-07-01,1920-04-20,SideB,United States of America,
150,677,Russian Civil War,4,2,,1,,275.0,1918-07-01,1920-04-20,SideA,,
147,677,Russian Civil War,4,2,,1,,1500.0,1918-08-03,1920-10-15,SideA,,
590,677,Russian Civil War,4,2,Anti-Bolsheviks,1,475000.0,325000.0,1917-12-09,1921-03-18,SideB,Anti-Bolsheviks,
593,677,Russian Civil War,4,2,,1,,50.0,1918-06-23,1919-09-28,SideB,France,
154,680,Finnish Civil War,4,2,Communists,1,5300.0,8500.0,1918-01-28,1918-04-28,SideA,Finland,
153,680,Finnish Civil War,4,2,,1,,400.0,1918-01-28,1918-05-16,SideA,,
152,680,Finnish Civil War,4,2,,1,950.0,,1918-04-03,1918-05-16,SideA,Germany,
595,680,Finnish Civil War,4,2,,1,,400.0,1918-01-28,1918-05-16,SideB,USSR,
596,680,Finnish Civil War,4,2,Communists,1,5300.0,8500.0,1918-01-28,1918-04-28,SideB,Red Guard,
594,680,Finnish Civil War,4,2,,1,950.0,,1918-04-03,1918-05-16,SideB,,
155,681,Western Ukrainian,6,2,Poles,4,,,1918-11-01,1919-02-13,SideA,Ukraine Poles,
597,681,Western Ukrainian,6,2,Poles,4,,,1918-11-01,1919-02-13,SideB,Ukrainians,
598,682,Sparticist Rising,7,2,Socialists,2,2100.0,70.0,1919-01-06,1920-05-28,SideB,German Freikorps,
156,682,Sparticist Rising,7,2,Socialists,2,2100.0,70.0,1919-01-06,1920-05-28,SideA,Socialists,
599,683,Hungary's Red Terror,4,2,Anti-Communists,2,1000.0,500.0,1919-03-25,1920-02-15,SideB,Anti-Communists,
157,683,Hungary's Red Terror,4,2,Anti-Communists,2,1000.0,500.0,1919-03-25,1920-02-15,SideA,Hungary,
158,685,First Chinese Warlord,7,7,Chihli army,2,,,1920-07-14,1920-07-19,SideA,Anhui army,
600,685,First Chinese Warlord,7,7,Chihli army,2,,,1920-07-14,1920-07-19,SideB,Chihli & Fengtien,
601,686,Green Rebellion,5,2,Peasants in Ta,1,1700.0,5000.0,1920-08-01,1921-08-01,SideB,Peasants in Ta,
159,686,Green Rebellion,5,2,Peasants in Ta,1,1700.0,5000.0,1920-08-01,1921-08-01,SideA,USSR,
603,687,Gilan Marxists,4,6,SSRI,1,,,1920-08-10,1921-11-11,SideB,SSRI,
602,687,Gilan Marxists,4,6,SSRI,1,,,1920-08-10,1921-11-11,SideB,USSR,
160,687,Gilan Marxists,4,6,SSRI,1,,,1920-08-10,1921-11-11,SideA,,
161,687,Gilan Marxists,4,6,SSRI,1,,,1920-08-10,1921-11-11,SideA,Iran,
162,688,Italian Fascist,7,2,Blackshirts,1,300.0,3000.0,1920-10-01,1922-10-01,SideA,Blackshirts,
604,688,Italian Fascist,7,2,Blackshirts,1,300.0,3000.0,1920-10-01,1922-10-01,SideB,Leftists,
605,690,Kronstadt Rebellion,5,2,Sailors,1,2000.0,600.0,1921-03-07,1921-03-18,SideB,Sailors,
163,690,Kronstadt Rebellion,5,2,Sailors,1,2000.0,600.0,1921-03-07,1921-03-18,SideA,USSR,
606,691,Bashmachi in Turkestan,5,2,Muslims/Enver Pasha,1,1000.0,2500.0,1921-11-10,1923-07-01,SideB,Basmachi/Enver Pasha,
164,691,Bashmachi in Turkestan,5,2,Muslims/Enver Pasha,1,1000.0,2500.0,1921-11-10,1923-07-01,SideA,USSR,
165,692,Second Chinese Warlord,7,7,Fengtien army,1,,,1922-04-08,1922-05-05,SideA,Chihli army,
607,692,Second Chinese Warlord,7,7,Fengtien army,1,,,1922-04-08,1922-05-05,SideB,Fengtien army,
166,693,Agrarian Rising,4,2,Agrarian League,1,,,1923-09-23,1923-09-28,SideA,Bulgaria,
608,693,Agrarian Rising,4,2,Agrarian League,1,,,1923-09-23,1923-09-28,SideB,Agrarian League,
609,695,De La Huerta Rebellion,4,1,Huerta Led Rebels,1,,,1923-12-04,1924-02-01,SideB,Huerta Led Rebels,
167,695,De La Huerta Rebellion,4,1,Huerta Led Rebels,1,,,1923-12-04,1924-02-01,SideA,Mexico,
610,696,Honduran Conservative,4,1,Conservatives,2,,,1924-02-09,1924-03-28,SideB,Conservatives,
168,696,Honduran Conservative,4,1,Conservatives,2,,,1924-02-09,1924-03-28,SideA,Honduras,
611,697,First Afghan Anti-Reform,4,7,Khost rebels (anti-reformists),1,,,1924-03-15,1925-01-15,SideB,Khost rebels (anti-reformists),
169,697,First Afghan Anti-Reform,4,7,Khost rebels (anti-reformists),1,,,1924-03-15,1925-01-15,SideA,Afghanistan,
612,698,Third Chinese Warlord,6,7,Chang Tso-lin army,2,,,1925-10-15,1926-04-20,SideB,Chang Tso-lin army,
170,698,Third Chinese Warlord,6,7,Chang Tso-lin army,2,,,1925-10-15,1926-04-20,SideA,Feng Yu-Lxiang army,
613,700,Chinese Northern Expedition,4,7,Guomindang,2,78000.0,48000.0,1926-07-01,1928-06-28,SideB,Guomindang,
172,700,Chinese Northern Expedition,4,7,Guomindang,2,,500.0,1927-06-01,1928-06-01,SideA,,
614,700,Chinese Northern Expedition,4,7,Guomindang,2,,500.0,1927-06-01,1928-06-01,SideB,Japan,
171,700,Chinese Northern Expedition,4,7,Guomindang,2,78000.0,48000.0,1926-07-01,1928-06-28,SideA,War Lord Gov't.,
173,701,Cristeros Revolt,4,1,Cristeros,3,6000.0,4000.0,1926-08-28,1929-06-21,SideA,Mexico,
615,701,Cristeros Revolt,4,1,Cristeros,3,6000.0,4000.0,1926-08-28,1929-06-21,SideB,Cristeros,
616,702,Ethiopian Northern Resistance,5,6,Northern Resistance,1,,,1928-08-01,1930-04-01,SideB,Northern Resistance,
174,702,Ethiopian Northern Resistance,5,6,Northern Resistance,1,,,1928-08-01,1930-04-01,SideA,Ethiopia,
175,703,Second Gansu Muslim,5,7,Muslims,1,,,1928-01-01,1930-01-01,SideA,China,
617,703,Second Gansu Muslim,5,7,Muslims,1,,,1928-01-01,1930-01-01,SideB,Gansu Muslims,
176,705,Second Afghan Anti-Reform,4,7,Habibullah (anti-reformists),1,7500.0,7500.0,1928-11-10,1929-10-15,SideA,Afghanistan,
618,705,Second Afghan Anti-Reform,4,7,Habibullah (anti-reformists),1,7500.0,7500.0,1928-11-10,1929-10-15,SideB,Habibullah (anti-reformists),
177,706,Intra-Guomindang,4,7,War Lords,1,,,1929-03-01,1930-11-04,SideA,China,
619,706,Intra-Guomindang,4,7,War Lords,1,,,1929-03-01,1930-11-04,SideB,War Lords,
178,707,Escobar Rebellion,4,1,Escoban Led Rebels,1,400.0,1600.0,1929-03-03,1929-05-04,SideA,Mexico,
620,707,Escobar Rebellion,4,1,Escoban Led Rebels,1,400.0,1600.0,1929-03-03,1929-05-04,SideB,Escobar Led Rebels,
179,708,Ikhwan Revolt,4,6,Ikhwan,1,500.0,5000.0,1929-03-28,1930-01-10,SideA,Saudi Arabia,
621,708,Ikhwan Revolt,4,6,Ikhwan,1,500.0,5000.0,1929-03-28,1930-01-10,SideB,Ikhwan,
622,710,"Chinese Civil War, Phase 1",4,7,Communists,6,200000.0,300000.0,1930-11-15,1936-12-28,SideB,Communists,
180,710,"Chinese Civil War, Phase 1",4,7,Communists,6,200000.0,300000.0,1930-11-15,1936-12-28,SideA,China,
623,711,Xinjiang Muslim Revolt,5,7,Central 7n Rebels,1,1000.0,,1934-01-01,1934-08-01,SideB,,
181,711,Xinjiang Muslim Revolt,5,7,Central 7n Rebels,1,1000.0,,1934-01-01,1934-08-01,SideA,USSR,
182,711,Xinjiang Muslim Revolt,5,7,Central Asian Rebels,1,10000.0,10000.0,1931-02-01,1934-07-07,SideA,China,
624,711,Xinjiang Muslim Revolt,5,7,Central Asian Rebels,1,10000.0,10000.0,1931-02-01,1934-07-07,SideB,Central Asian Rebels,
625,712,Matanza,4,1,Leftists,1,100.0,2500.0,1932-01-20,1932-01-28,SideB,Leftists,
183,712,Matanza,4,1,Leftists,1,100.0,2500.0,1932-01-20,1932-01-28,SideA,El Salvador,
184,713,Aprista Revolt,4,1,Aprista Rebels,1,100.0,1000.0,1932-05-07,1932-07-17,SideA,Peru,
626,713,Aprista Revolt,4,1,Aprista Rebels,1,100.0,1000.0,1932-05-07,1932-07-17,SideB,Aprista Rebels,
627,715,Paulista Rebellion,4,1,Paolistas,1,,,1932-06-09,1932-08-28,SideB,Paolistas,
185,715,Paulista Rebellion,4,1,Paolistas,1,,,1932-06-09,1932-08-28,SideA,Brazil,
628,716,Fukien Revolt,4,7,19th Route Army,1,,,1934-01-05,1934-01-15,SideB,19th Route Army,
186,716,Fukien Revolt,4,7,19th Route Army,1,,,1934-01-05,1934-01-15,SideA,China,
629,717,Spanish Miners,5,2,Asturian Miners,1,284.0,1051.0,1934-10-04,1934-10-08,SideB,Asturian Miners,
187,717,Spanish Miners,5,2,Asturian Miners,1,284.0,1051.0,1934-10-04,1934-10-08,SideA,Spain,
191,718,Spanish Civil War,4,2,Fascists,2,,4000.0,1936-07-28,1939-03-28,SideA,,
190,718,Spanish Civil War,4,2,Fascists,2,,300.0,1936-08-27,1939-03-28,SideA,,
189,718,Spanish Civil War,4,2,Fascists,2,,2000.0,1936-08-01,1939-03-28,SideA,,
188,718,Spanish Civil War,4,2,Fascists,2,286000.0,174000.0,1936-07-18,1939-03-28,SideA,Spain,
631,718,Spanish Civil War,4,2,Fascists,2,,2000.0,1936-08-01,1939-03-28,SideB,Portugal,
632,718,Spanish Civil War,4,2,Fascists,2,,300.0,1936-08-27,1939-03-28,SideB,Germany,
633,718,Spanish Civil War,4,2,Fascists,2,,4000.0,1936-07-28,1939-03-28,SideB,Italy,
630,718,Spanish Civil War,4,2,Fascists,2,286000.0,174000.0,1936-07-18,1939-03-28,SideB,Falange,
192,720,Greek Civil War,4,2,Communists,1,237.0,,1944-12-05,1945-01-11,SideA,United Kingdom,
193,720,Greek Civil War,4,2,Communists,1,17970.0,50000.0,1944-12-03,1945-02-12,SideA,Greece,
634,720,Greek Civil War,4,2,Communists,1,237.0,,1944-12-05,1945-01-11,SideB,,
635,720,Greek Civil War,4,2,Communists,1,17970.0,50000.0,1944-12-03,1945-02-12,SideB,Communists,
195,721,Polish Ukrainians,5,2,UPA,1,5000.0,,1945-05-08,1947-11-18,SideA,USSR,
194,721,Polish Ukrainians,5,2,UPA,1,11000.0,8700.0,1945-05-08,1947-11-18,SideA,Poland,
637,721,Polish Ukrainians,5,2,UPA,1,5000.0,,1945-05-08,1947-11-18,SideB,,
636,721,Polish Ukrainians,5,2,UPA,1,11000.0,8700.0,1945-05-08,1947-11-18,SideB,UPA,
638,722,Ukrainian Partisans,5,2,UPA,1,35000.0,,1945-05-08,1947-12-28,SideB,UPA,
196,722,Ukrainian Partisans,5,2,UPA,1,35000.0,,1945-05-08,1947-12-28,SideA,USSR,
639,723,Forest Brethren,5,2,Baltic Guerillas,1,14700.0,17700.0,1945-05-08,1951-12-28,SideB,Baltic Guerillas,
197,723,Forest Brethren,5,2,Baltic Guerillas,1,14700.0,17700.0,1945-05-08,1951-12-28,SideA,USSR,
198,725,"Chinese Civil War, Phase 2",4,7,Communists,2,327600.0,872400.0,1946-03-15,1950-04-21,SideA,China,
640,725,"Chinese Civil War, Phase 2",4,7,Communists,2,327600.0,872400.0,1946-03-15,1950-04-21,SideB,Communists,
199,726,Taiwan Revolt,5,7,Taiwanese,1,250.0,1000.0,1947-02-28,1947-03-21,SideA,China,
641,726,Taiwan Revolt,5,7,Taiwanese,1,250.0,1000.0,1947-02-28,1947-03-21,SideB,Taiwanese,
200,727,Paraguay,4,1,Leftists,1,,,1947-03-07,1947-08-20,SideA,Paraguay,
642,727,Paraguay,4,1,Leftists,1,,,1947-03-07,1947-08-20,SideB,Leftists,
201,728,Yemeni Imamate,4,6,Anti-Imam Coalition,1,,,1948-02-17,1948-03-20,SideA,Yemen,
643,728,Yemeni Imamate,4,6,Anti-Imam Coalition,1,,,1948-02-17,1948-03-20,SideB,Anti-Imam Coalition,
202,730,Costa Rica,4,1,National Union Party,2,1500.0,500.0,1948-03-12,1948-04-17,SideA,Costa Rica,
644,730,Costa Rica,4,1,National Union Party,2,1500.0,500.0,1948-03-12,1948-04-17,SideB,National Union Party,
645,731,"Seventh Colombian ""La Violencia""",4,1,Liberals,1,9800.0,20000.0,1948-04-09,1958-08-07,SideB,Liberals,
203,731,"Seventh Colombian ""La Violencia""",4,1,Liberals,1,9800.0,20000.0,1948-04-09,1958-08-07,SideA,Colombia,
646,732,First Burmese,5,7,Karens & Communists,1,,,1948-08-15,1951-07-28,SideB,Karens & Communists,
204,732,First Burmese,5,7,Karens & Communists,1,,,1948-08-15,1951-07-28,SideA,Burma,
647,733,South Moluccas,5,7,Moluccans,1,,,1950-05-28,1950-11-03,SideB,Moluccans,
205,733,South Moluccas,5,7,Moluccans,1,,,1950-05-28,1950-11-03,SideA,Indonesia,
648,735,Hukbalahap Rebellion,4,7,Huks,1,1600.0,9700.0,1950-09-01,1954-05-01,SideB,Huks,
206,735,Hukbalahap Rebellion,4,7,Huks,1,1600.0,9700.0,1950-09-01,1954-05-01,SideA,Philippines,
649,737,Bolivia,4,1,Leftists,2,,,1952-04-08,1952-04-11,SideB,Leftists,
207,737,Bolivia,4,1,Leftists,2,,,1952-04-08,1952-04-11,SideA,Bolivia,
650,738,Indonesia Darul Islam,4,7,Darul Islam,1,1700.0,1000.0,1953-09-20,1953-11-23,SideB,Darul Islam,
208,738,Indonesia Darul Islam,4,7,Darul Islam,1,1700.0,1000.0,1953-09-20,1953-11-23,SideA,Indonesia,
209,740,Argentine Military,4,1,Army,2,,,1955-06-15,1955-09-19,SideA,Argentina,
651,740,Argentine Military,4,1,Army,2,,,1955-06-15,1955-09-19,SideB,Military,
652,741,Tibetan Khamba Rebellion,5,7,Khamba Tibetans,1,4000.0,12000.0,1956-03-01,1959-04-14,SideB,Khamba Tibetans,
210,741,Tibetan Khamba Rebellion,5,7,Khamba Tibetans,1,4000.0,12000.0,1956-03-01,1959-04-14,SideA,China,
211,742,Indonesian Leftists,4,7,Leftists,1,3700.0,23500.0,1956-12-15,1962-06-04,SideA,Indonesia,
653,742,Indonesian Leftists,4,7,Leftists,1,3700.0,23500.0,1956-12-15,1962-06-04,SideB,Leftists,
213,743,First Lebanese,4,6,Leftists,1,,,1958-05-09,1958-09-15,SideA,Lebanon,
654,743,First Lebanese,4,6,Leftists,1,1.0,,1958-07-16,1958-09-15,SideB,,
212,743,First Lebanese,4,6,Leftists,1,1.0,,1958-07-16,1958-09-15,SideA,United States of America,
655,743,First Lebanese,4,6,Leftists,1,,,1958-05-09,1958-09-15,SideB,National Front,
214,745,Cuban Revolution,4,1,Castroites,2,2000.0,1000.0,1958-05-24,1959-01-02,SideA,Cuba,
656,745,Cuban Revolution,4,1,Castroites,2,2000.0,1000.0,1958-05-24,1959-01-02,SideB,Castroites,
215,746,Second Burmese,4,7,Karens & Communists,7,850.0,2300.0,1958-11-01,1960-04-01,SideA,Burma,
657,746,Second Burmese,4,7,Karens & Communists,7,850.0,2300.0,1958-11-01,1960-04-01,SideB,Karens & Communists,
216,747,Iraq-Shammar,4,6,Shammar Tribe & Pro-WesternOfficers,1,,,1959-03-06,1959-03-10,SideA,Iraq,
658,747,Iraq-Shammar,4,6,Shammar Tribe & Pro-WesternOfficers,1,,,1959-03-06,1959-03-10,SideB,Shammar Tribe & Pro-WesternOfficers,
217,748,Vietnam Phase 1,4,7,NLF,4,506.0,,1961-01-01,1965-02-06,SideA,United States of America,
218,748,Vietnam Phase 1,4,7,NLF,4,23300.0,76900.0,1960-01-01,1965-02-06,SideA,"Vietnam, Republic of",
659,748,Vietnam Phase 1,4,7,NLF,4,506.0,,1961-01-01,1965-02-06,SideB,,
660,748,Vietnam Phase 1,4,7,NLF,4,23300.0,76900.0,1960-01-01,1965-02-06,SideB,NLF,
661,750,First DRC (Zaire),5,4,Katanga & Leftists,1,,50.0,1960-07-11,1960-09-14,SideB,Belgium,
219,750,First DRC (Zaire),5,4,Katanga & Leftists,1,,50.0,1960-07-11,1960-09-14,SideA,,
220,750,First DRC (Zaire),5,4,Katanga & Leftists,1,,,1960-07-04,1963-01-14,SideA,Zaire,
662,750,First DRC (Zaire),5,4,Katanga & Leftists,1,,,1960-07-04,1963-01-14,SideB,Katanga & Leftists,
663,751,First Laotian,4,7,Pathet Lao,3,,,1961-05-01,1962-06-15,SideB,"Vietnam, Democratic Rep.",
221,751,First Laotian,4,7,Pathet Lao,3,,,1961-05-01,1962-06-15,SideA,,
222,751,First Laotian,4,7,Pathet Lao,3,4000.0,1000.0,1960-10-15,1962-07-15,SideA,Laos,
664,751,First Laotian,4,7,Pathet Lao,3,4000.0,1000.0,1960-10-15,1962-07-15,SideB,Pathet Lao,
665,752,First Iraqi Kurd,5,6,Kurds,6,500.0,2000.0,1961-09-11,1963-11-22,SideB,Kurds,
223,752,First Iraqi Kurd,5,6,Kurds,6,500.0,2000.0,1961-09-11,1963-11-22,SideA,Iraq,
666,753,Algerian Revolutionaries,4,6,ALN,2,800.0,700.0,1962-07-28,1963-01-15,SideB,ALN,
224,753,Algerian Revolutionaries,4,6,ALN,2,800.0,700.0,1962-07-28,1963-01-15,SideA,Algeria,
225,755,North Yemen,4,6,Royalists,1,10000.0,,1962-12-15,1967-10-16,SideA,Egypt/United Arab Republic,
226,755,North Yemen,4,6,Royalists,1,,,1962-11-15,1969-09-03,SideA,Yemen Arab Republic,
667,755,North Yemen,4,6,Royalists,1,10000.0,,1962-12-15,1967-10-16,SideB,,
668,755,North Yemen,4,6,Royalists,1,,,1962-11-15,1969-09-03,SideB,Royalists,
228,756,Second Laotian Phase 1,4,7,Pathet Lao,4,11250.0,7250.0,1963-03-19,1968-01-12,SideA,Laos,
229,756,Second Laotian Phase 1,4,7,Pathet Lao,4,,2250.0,1963-03-19,1968-01-12,SideA,,
669,756,Second Laotian Phase 1,4,7,Pathet Lao,4,200.0,,1964-05-19,1968-01-12,SideB,,
670,756,Second Laotian Phase 1,4,7,Pathet Lao,4,11250.0,7250.0,1963-03-19,1968-01-12,SideB,Pathet Lao,
671,756,Second Laotian Phase 1,4,7,Pathet Lao,4,,2250.0,1963-03-19,1968-01-12,SideB,"Vietnam, Democratic Rep.",
227,756,Second Laotian Phase 1,4,7,Pathet Lao,4,200.0,,1964-05-19,1968-01-12,SideA,United States of America,
672,757,First Ogaden,5,4,Ogaden,1,,,1963-11-01,1964-03-28,SideB,Somalia,
673,757,First Ogaden,5,4,Ogaden,1,,,1963-06-01,1964-03-28,SideB,Ogaden,
230,757,First Ogaden,5,4,Ogaden,1,,,1963-11-01,1964-03-28,SideA,,
231,757,First Ogaden,5,4,Ogaden,1,,,1963-06-01,1964-03-28,SideA,Ethiopia,
232,758,First South Sudan,5,6,Anya Nya,3,,,1963-10-01,1972-02-28,SideA,Sudan,
674,758,First South Sudan,5,6,Anya Nya,3,,,1963-10-01,1972-02-28,SideB,Anya Nya,
233,760,Second DRC (Jeunesse),5,4,Juenesse warriors,1,,,1963-10-01,1965-01-01,SideA,Congo,
675,760,Second DRC (Jeunesse),5,4,Juenesse warriors,1,,,1963-10-01,1965-01-01,SideB,Juenesse warriors,
676,761,First Rwanda,4,4,Watusi,1,100.0,900.0,1963-11-15,1964-02-06,SideB,Watusi,
234,761,First Rwanda,4,4,Watusi,1,100.0,900.0,1963-11-15,1964-02-06,SideA,Rwanda,
677,762,Third DRC (Simba) Rebellion,4,4,Gbenye followers,1,4.0,,1964-11-24,1965-09-14,SideB,,
236,762,Third DRC (Simba) Rebellion,4,4,Gbenye followers,1,250.0,4000.0,1964-01-01,1965-09-14,SideA,Congo,
678,762,Third DRC (Simba) Rebellion,4,4,Gbenye followers,1,250.0,4000.0,1964-01-01,1965-09-14,SideB,Gbenye followers,
235,762,Third DRC (Simba) Rebellion,4,4,Gbenye followers,1,4.0,,1964-11-24,1965-09-14,SideA,Belgium,
237,763,Zanzibar Arab-African,4,4,Africans,2,,,1964-01-12,1964-01-15,SideA,Zanzibar,
679,763,Zanzibar Arab-African,4,4,Africans,2,,,1964-01-12,1964-01-15,SideB,Africans,
238,765,Second Iraqi Kurds,5,6,Iraq,3,500.0,2500.0,1965-04-03,1966-06-21,SideA,Iraq,
680,765,Second Iraqi Kurds,5,6,Iraq,3,500.0,2500.0,1965-04-03,1966-06-21,SideB,Kurds,
240,766,Dominican Republic,4,1,Leftists,7,2500.0,,1965-04-25,1965-09-06,SideA,Dominican Republic,
239,766,Dominican Republic,4,1,Leftists,7,27.0,,1965-04-28,1965-09-06,SideA,United States of America,
681,766,Dominican Republic,4,1,Leftists,7,27.0,,1965-04-28,1965-09-06,SideB,,
682,766,Dominican Republic,4,1,Leftists,7,2500.0,,1965-04-25,1965-09-06,SideB,Leftists,
683,767,First West Papua,5,7,"OPM, West Papua",6,,,1965-07-26,1969-07-17,SideB,"OPM, West Papua",
241,767,First West Papua,5,7,"OPM, West Papua",6,,,1965-07-26,1969-07-17,SideA,Indonesia,
684,768,First Uganda,5,4,Buganda Tribe,1,,,1966-05-23,1966-06-01,SideB,Buganda Tribe,
242,768,First Uganda,5,4,Buganda Tribe,1,,,1966-05-23,1966-06-01,SideA,Uganda,
243,770,First Guatemala,4,1,Leftists,1,28.0,,1966-10-01,1968-08-01,SideA,United States,
244,770,First Guatemala,4,1,Leftists,1,200.0,800.0,1966-10-01,1968-08-01,SideA,Guatemala,
685,770,First Guatemala,4,1,Leftists,1,28.0,,1966-10-01,1968-08-01,SideB,,
686,770,First Guatemala,4,1,Leftists,1,200.0,800.0,1966-10-01,1968-08-01,SideB,Leftists,
245,771,First Chad (FROLINAT) Rebellion,5,4,Frolinat Rebels,1,50.0,,1968-08-01,1971-06-16,SideA,France,
246,771,First Chad (FROLINAT) Rebellion,5,4,Frolinat Rebels,1,500.0,3000.0,1966-11-01,1971-06-16,SideA,Chad,
688,771,First Chad (FROLINAT) Rebellion,5,4,Frolinat Rebels,1,500.0,3000.0,1966-11-01,1971-06-16,SideB,Frolinat Rebels,
687,771,First Chad (FROLINAT) Rebellion,5,4,Frolinat Rebels,1,50.0,,1968-08-01,1971-06-16,SideB,,
247,772,Cultural Revolution Phase 1,6,7,Regional military,4,,,1967-01-09,1967-09-04,SideA,Red Guard,
689,772,Cultural Revolution Phase 1,6,7,Regional military,4,,,1967-01-09,1967-09-04,SideB,Regional military,
690,773,Third Burmese,5,7,Karens,7,6800.0,22400.0,1967-06-01,1980-10-22,SideB,Karens & Communists,
248,773,Third Burmese,5,7,Karens,7,6800.0,22400.0,1967-06-01,1980-10-22,SideA,Burma,
249,775,Biafra,5,4,Nigeria,1,,,1967-07-06,1970-01-12,SideA,Nigeria,
691,775,Biafra,5,4,Nigeria,1,,,1967-07-06,1970-01-12,SideB,Biafrans,
250,776,Cultural Revolution Phase 2,4,7,Red Guard,1,,,1967-09-05,1968-09-01,SideA,China,
692,776,Cultural Revolution Phase 2,4,7,Red Guard,1,,,1967-09-05,1968-09-01,SideB,Red Guard,
693,777,Third Iraqi Kurds,5,6,Iraq,3,800.0,3200.0,1969-01-03,1970-03-11,SideB,Kurds,
251,777,Third Iraqi Kurds,5,6,Iraq,3,800.0,3200.0,1969-01-03,1970-03-11,SideA,Iraq,
252,778,Naxalite Rebellion,5,7,Naxalite Marxists,1,100.0,2000.0,1970-02-01,1971-11-01,SideA,India,
694,778,Naxalite Rebellion,5,7,Naxalite Marxists,1,100.0,2000.0,1970-02-01,1971-11-01,SideB,Naxalite Marxists,
254,780,Black September,4,6,Jordan,1,750.0,2690.0,1970-09-13,1970-09-24,SideA,Jordan,
253,780,Black September,4,6,Jordan,1,,100.0,1970-09-20,1970-09-23,SideA,,
695,780,Black September,4,6,Jordan,1,,100.0,1970-09-20,1970-09-23,SideB,Syria,
696,780,Black September,4,6,Jordan,1,750.0,2690.0,1970-09-13,1970-09-24,SideB,Palestinians,
255,781,Second Guatemala,4,1,Guatemala,1,50.0,950.0,1970-11-15,1971-09-15,SideA,Guatemala,
697,781,Second Guatemala,4,1,Guatemala,1,50.0,950.0,1970-11-15,1971-09-15,SideB,Leftists,
698,782,Pakistan-Bengal,5,7,Pakistan,4,2500.0,,1971-03-25,1971-12-02,SideB,Bengalis,
256,782,Pakistan-Bengal,5,7,Pakistan,4,2500.0,,1971-03-25,1971-12-02,SideA,Pakistan,
257,783,First Sri Lanka-JVP,4,7,Janatha Vimukthi- JVP,1,53.0,4000.0,1971-04-06,1971-05-16,SideA,Sri Lanka,
699,783,First Sri Lanka-JVP,4,7,Janatha Vimukthi- JVP,1,53.0,4000.0,1971-04-06,1971-05-16,SideB,Janatha Vimukthi- JVP,
701,785,Khmer Rouge,4,7,Khmer Rouge,2,45000.0,40000.0,1971-07-03,1975-04-17,SideB,Khmer Rouge,
258,785,Khmer Rouge,4,7,Khmer Rouge,2,375.0,,1971-07-03,1973-08-15,SideA,United States of America,
259,785,Khmer Rouge,4,7,Khmer Rouge,2,45000.0,40000.0,1971-07-03,1975-04-17,SideA,Cambodia,
700,785,Khmer Rouge,4,7,Khmer Rouge,2,375.0,,1971-07-03,1973-08-15,SideB,,
702,786,First Philippine-Moro,5,7,MNLF Moros,1,10000.0,20000.0,1972-01-01,1981-04-19,SideB,MNLF Moros,
260,786,First Philippine-Moro,5,7,MNLF Moros,1,10000.0,20000.0,1972-01-01,1981-04-19,SideA,Philippines,
703,787,Communist Insurgency,4,7,Communists,6,1500.0,700.0,1972-01-01,1973-10-15,SideB,Communists,
261,787,Communist Insurgency,4,7,Communists,6,1500.0,700.0,1972-01-01,1973-10-15,SideA,Thailand,
262,788,Eritrean Split,7,4,ELF,6,,,1972-02-01,1974-01-01,SideA,ELF,
704,788,Eritrean Split,7,4,ELF,6,,,1972-02-01,1974-01-01,SideB,EPLF,
263,789,First Burundi,4,4,Hutu,1,500.0,1500.0,1972-04-28,1972-05-25,SideA,Burundi,
705,789,First Burundi,4,4,Hutu,1,500.0,1500.0,1972-04-28,1972-05-25,SideB,Hutu,
264,790,Philippines-NPA,4,7,NPA,6,9000.0,22000.0,1972-10-01,1992-12-28,SideA,Philippines,
706,790,Philippines-NPA,4,7,NPA,6,9000.0,22000.0,1972-10-01,1992-12-28,SideB,NPA,
265,791,Rhodesia,4,4,Patriotic Front,2,1000.0,10000.0,1972-12-28,1979-12-28,SideA,Rhodesia,
707,791,Rhodesia,4,4,Patriotic Front,2,1000.0,10000.0,1972-12-28,1979-12-28,SideB,Patriotic Front,
266,792,Baluchi Separatists,5,7,Baluchi Rebels,1,3300.0,5300.0,1973-01-23,1977-07-01,SideA,Pakistan,
708,792,Baluchi Separatists,5,7,Baluchi Rebels,1,3300.0,5300.0,1973-01-23,1977-07-01,SideB,Baluchi Rebels,
709,793,Chilean Coup of 1973,4,1,Pinochet,2,400.0,3000.0,1973-09-11,1973-09-15,SideB,Pinochet led military,
267,793,Chilean Coup of 1973,4,1,Pinochet,2,400.0,3000.0,1973-09-11,1973-09-15,SideA,Chile,
711,795,Dhofar Rebellion Phase 2,5,6,Oman,1,100.0,,1973-10-01,1975-12-11,SideB,,
270,795,Dhofar Rebellion Phase 2,5,6,Oman,1,370.0,2500.0,1973-10-01,1975-12-11,SideA,Oman,
269,795,Dhofar Rebellion Phase 2,5,6,Oman,1,100.0,,1973-10-01,1975-12-11,SideA,Iran,
268,795,Dhofar Rebellion Phase 2,5,6,Oman,1,35.0,,1973-10-01,1975-12-11,SideA,United Kingdom,
712,795,Dhofar Rebellion Phase 2,5,6,Oman,1,370.0,2500.0,1973-10-01,1975-12-11,SideB,PFLOAG,
710,795,Dhofar Rebellion Phase 2,5,6,Oman,1,35.0,,1973-10-01,1975-12-11,SideB,,
271,797,Fourth Iraqi Kurds,5,6,Iraq,1,,,1974-03-18,1975-03-06,SideA,,
714,797,Fourth Iraqi Kurds,5,6,Iraq,1,7000.0,13000.0,1974-03-18,1975-04-03,SideB,Kurds,
713,797,Fourth Iraqi Kurds,5,6,Iraq,1,,,1974-03-18,1975-03-06,SideB,Iran,
272,797,Fourth Iraqi Kurds,5,6,Iraq,1,7000.0,13000.0,1974-03-18,1975-04-03,SideA,Iraq,
715,798,Eritrean War,5,4,Eritrean Peo. Lib.,1,,,1976-12-05,1978-12-01,SideB,,
716,798,Eritrean War,5,4,Eritrean Peo. Lib.,1,6100.0,6400.0,1975-01-28,1978-12-01,SideB,Eritrean Peo. Lib.,
273,798,Eritrean War,5,4,Eritrean Peo. Lib.,1,,,1976-12-05,1978-12-01,SideA,Cuba,
274,798,Eritrean War,5,4,Eritrean Peo. Lib.,1,6100.0,6400.0,1975-01-28,1978-12-01,SideA,Ethiopia,
717,800,Argentine Leftists,4,1,"Montoneros, ERP",1,250.0,2600.0,1975-02-01,1977-03-01,SideB,"Montoneros, ERP",
275,800,Argentine Leftists,4,1,"Montoneros, ERP",1,250.0,2600.0,1975-02-01,1977-03-01,SideA,Argentina,
718,801,Second Lebanese,7,6,Lebanese National Movement,3,,,1975-04-13,1976-11-15,SideB,Lebanese National Movement,
719,801,Second Lebanese,7,6,Lebanese National Movement,3,500.0,,1976-05-28,1976-11-15,SideB,,
277,801,Second Lebanese,7,6,Lebanese National Movement,3,500.0,,1976-05-28,1976-11-15,SideA,Syria,
276,801,Second Lebanese,7,6,Lebanese National Movement,3,,,1975-04-13,1976-11-15,SideA,Maronite militias,
720,802,Second West Papua,5,7,"OPR, West Papua",6,100.0,2000.0,1976-01-01,1978-04-14,SideB,"OPR, West Papua",
278,802,Second West Papua,5,7,"OPR, West Papua",6,100.0,2000.0,1976-01-01,1978-04-14,SideA,Indonesia,
280,803,Third Laotian,5,7,Hmong,1,1000.0,,1976-01-01,1979-05-01,SideA,Vietnam,
721,803,Third Laotian,5,7,Hmong,1,1000.0,5000.0,1976-04-01,1979-05-01,SideB,Hmong,
722,803,Third Laotian,5,7,Hmong,1,1000.0,,1976-01-01,1979-05-01,SideB,,
279,803,Third Laotian,5,7,Hmong,1,1000.0,5000.0,1976-04-01,1979-05-01,SideA,Laos,
723,804,Angolan Control,4,4,UNITA,3,5500.0,,1976-02-13,1991-05-15,SideB,,
281,804,Angolan Control,4,4,UNITA,3,5500.0,,1976-02-13,1991-05-15,SideA,Cuba,
282,804,Angolan Control,4,4,UNITA,3,,,1976-02-13,1991-05-15,SideA,Angola,
283,804,Angolan Control,4,4,UNITA,3,,800.0,1976-02-13,1989-06-01,SideA,,
725,804,Angolan Control,4,4,UNITA,3,,800.0,1976-02-13,1989-06-01,SideB,South Africa,
724,804,Angolan Control,4,4,UNITA,3,,,1976-02-13,1991-05-15,SideB,UNITA,
286,805,Second Ogaden Phase 1,5,4,WSLF,4,9000.0,20000.0,1976-07-01,1977-07-22,SideA,Ethiopia,
727,805,Second Ogaden Phase 1,5,4,WSLF,4,,1900.0,1976-07-01,1977-07-22,SideB,Somalia,
285,805,Second Ogaden Phase 1,5,4,WSLF,4,,1900.0,1976-07-01,1977-07-22,SideA,,
728,805,Second Ogaden Phase 1,5,4,WSLF,4,9000.0,20000.0,1976-07-01,1977-07-22,SideB,WSLF,
284,805,Second Ogaden Phase 1,5,4,WSLF,4,1500.0,,1976-07-01,1977-07-22,SideA,Cuba,
726,805,Second Ogaden Phase 1,5,4,WSLF,4,1500.0,,1976-07-01,1977-07-22,SideB,,
729,806,East Timorese War Phase 3,5,7,Fretelin,1,1800.0,,1976-07-18,1979-05-26,SideB,Fretilin,
287,806,East Timorese War Phase 3,5,7,Fretelin,1,1800.0,,1976-07-18,1979-05-26,SideA,Indonesia,
730,807,Third Lebanese,7,6,Syria & PLO,6,1500.0,800.0,1978-02-01,1978-10-04,SideB,PLO & Shiite militia,
290,807,Third Lebanese,7,6,Syria & PLO,6,,,1978-03-14,1978-10-04,SideA,Israel,
288,807,Third Lebanese,7,6,Syria & PLO,6,1500.0,800.0,1978-02-01,1978-10-04,SideA,Lebanese Forces,
289,807,Third Lebanese,7,6,Syria & PLO,6,,800.0,1978-02-01,1978-10-04,SideA,,
731,807,Third Lebanese,7,6,Syria & PLO,6,,800.0,1978-02-01,1978-10-04,SideB,Syria,
732,807,Third Lebanese,7,6,Syria & PLO,6,,,1978-03-14,1978-10-04,SideB,,
291,808,Second Ogaden Phase 3,5,4,"Ogaden, WSLF",1,,,1978-03-10,1980-12-03,SideA,Cuba,
292,808,Second Ogaden Phase 3,5,4,"Ogaden, WSLF",1,2000.0,20000.0,1978-03-10,1980-12-03,SideA,Ethiopia,
293,808,Second Ogaden Phase 3,5,4,"Ogaden, WSLF",1,,2000.0,1980-11-22,1980-12-03,SideA,,
733,808,Second Ogaden Phase 3,5,4,"Ogaden, WSLF",1,,,1978-03-10,1980-12-03,SideB,,
734,808,Second Ogaden Phase 3,5,4,"Ogaden, WSLF",1,2000.0,20000.0,1978-03-10,1980-12-03,SideB,"Ogaden, WSLF",
735,808,Second Ogaden Phase 3,5,4,"Ogaden, WSLF",1,,2000.0,1980-11-22,1980-12-03,SideB,Somalia,
736,809,Third Guatemala,4,1,Guatemala,1,1250.0,4750.0,1978-03-12,1984-04-13,SideB,The Democratic Front Against Repression (FDCR),
294,809,Third Guatemala,4,1,Guatemala,1,1250.0,4750.0,1978-03-12,1984-04-13,SideA,Guatemala,
737,810,Saur Revolution,4,7,Leftist Military,2,1800.0,1200.0,1978-04-27,1978-04-28,SideB,Leftist Military,
295,810,Saur Revolution,4,7,Leftist Military,2,1800.0,1200.0,1978-04-27,1978-04-28,SideA,Afghanistan,
298,811,Fourth DRC (Shaba),4,4,FNLC,1,100.0,900.0,1978-05-01,1978-06-06,SideA,DRC,
740,811,Fourth DRC (Shaba),4,4,FNLC,1,100.0,900.0,1978-05-01,1978-06-06,SideB,FNLC,
739,811,Fourth DRC (Shaba),4,4,FNLC,1,5.0,,1978-05-18,1978-06-06,SideB,,
296,811,Fourth DRC (Shaba),4,4,FNLC,1,,,1978-05-20,1978-06-06,SideA,Belgium,
738,811,Fourth DRC (Shaba),4,4,FNLC,1,,,1978-05-20,1978-06-06,SideB,,
297,811,Fourth DRC (Shaba),4,4,FNLC,1,5.0,,1978-05-18,1978-06-06,SideA,France,
299,812,First Afghan Mujahideen Uprising,4,7,Mujahedin,4,2000.0,,1979-03-15,1980-02-21,SideA,Russia,
742,812,First Afghan Mujahideen Uprising,4,7,Mujahedin,4,11800.0,21200.0,1978-09-01,1980-02-21,SideB,Mujahideen,
741,812,First Afghan Mujahideen Uprising,4,7,Mujahedin,4,2000.0,,1979-03-15,1980-02-21,SideB,,
300,812,First Afghan Mujahideen Uprising,4,7,Mujahedin,4,11800.0,21200.0,1978-09-01,1980-02-21,SideA,Afghanistan,
743,813,Overthrow of the Shah,4,6,Iran,2,100.0,1000.0,1978-09-03,1979-02-11,SideB,Anti-Shah Coalition,
301,813,Overthrow of the Shah,4,6,Iran,2,100.0,1000.0,1978-09-03,1979-02-11,SideA,Iran,
744,815,Sandinista Rebellion,4,1,Sandinistas,2,1000.0,3000.0,1978-09-09,1979-07-18,SideB,Sandinistas,
302,815,Sandinista Rebellion,4,1,Sandinistas,2,1000.0,3000.0,1978-09-09,1979-07-18,SideA,Nicaragua,
303,816,Anti-Khomeini Coalition,4,6,Coalition,1,,,1979-02-12,1984-03-01,SideA,Iran,
745,816,Anti-Khomeini Coalition,4,6,Coalition,1,,,1979-02-12,1984-03-01,SideB,Anti-Khmoneini Coalition: Fedayeen Kalq & Kurds,
746,817,El Salvador,4,1,Salvadorean Democratic Front,3,,,1979-07-01,1992-02-01,SideB,Salvadorean Democratic Front,
304,817,El Salvador,4,1,Salvadorean Democratic Front,3,,,1979-07-01,1992-02-01,SideA,El Salvador,
306,818,Mozambique,4,4,Renamo,1,,,1979-10-21,1992-10-04,SideA,Mozambique,
307,818,Mozambique,4,4,Renamo,1,500.0,,1982-01-01,1992-10-04,SideA,Zimbabwe,
748,818,Mozambique,4,4,Renamo,1,,,1979-10-21,1992-10-04,SideB,Renamo,
747,818,Mozambique,4,4,Renamo,1,50.0,,1985-01-01,1992-10-04,SideB,,
305,818,Mozambique,4,4,Renamo,1,50.0,,1985-01-01,1992-10-04,SideA,Tanzania,
749,818,Mozambique,4,4,Renamo,1,500.0,,1982-01-01,1992-10-04,SideB,,
310,820,Second Chad (Habre Revolt),5,4,FAN,2,1000.0,,1980-12-01,1981-10-01,SideA,Libya,
752,820,Second Chad (Habre Revolt),5,4,FAN,2,1000.0,,1980-12-01,1981-10-01,SideB,,
751,820,Second Chad (Habre Revolt),5,4,FAN,2,3500.0,1500.0,1980-03-22,1984-09-01,SideB,FAN,
750,820,Second Chad (Habre Revolt),5,4,FAN,2,,200.0,1983-08-09,1984-09-01,SideB,France,
308,820,Second Chad (Habre Revolt),5,4,FAN,2,,200.0,1983-08-09,1984-09-01,SideA,,
309,820,Second Chad (Habre Revolt),5,4,FAN,2,3500.0,1500.0,1980-03-22,1984-09-01,SideA,Chad,
753,822,Second Uganda,5,4,National Resistance Army,2,40000.0,6000.0,1980-12-08,1986-03-19,SideB,National Resistance Army,
311,822,Second Uganda,5,4,National Resistance Army,2,40000.0,6000.0,1980-12-08,1986-03-19,SideA,Uganda,
754,823,Nigeria-Muslim,5,4,Muslim fundamentalists,1,50.0,1000.0,1980-12-18,1981-01-01,SideB,Muslim fundamentalists,
312,823,Nigeria-Muslim,5,4,Muslim fundamentalists,1,50.0,1000.0,1980-12-18,1981-01-01,SideA,Nigeria,
313,825,Hama,4,6,Muslim Brotherhood,1,1000.0,2000.0,1981-11-01,1982-02-23,SideA,Syria,
755,825,Hama,4,6,Muslim Brotherhood,1,1000.0,2000.0,1981-11-01,1982-02-23,SideB,Muslim Brotherhood,
756,826,Tigrean and Eritrean,5,4,Tigray & Eritrea,2,10000.0,65000.0,1982-01-23,1991-05-28,SideB,Tigray & Eritrea,
314,826,Tigrean and Eritrean,5,4,Tigray & Eritrea,2,10000.0,65000.0,1982-01-23,1991-05-28,SideA,Ethiopia,
757,827,Shining Path,4,1,Shining Path,1,4000.0,12000.0,1982-03-04,1992-09-12,SideB,Shining Path & TARM,
315,827,Shining Path,4,1,Shining Path,1,4000.0,12000.0,1982-03-04,1992-09-12,SideA,Peru,
758,828,Contra War,4,1,Contras,6,7000.0,25200.0,1982-03-18,1990-04-19,SideB,Contras,
316,828,Contra War,4,1,Contras,6,7000.0,25200.0,1982-03-18,1990-04-19,SideA,Nicaragua,
759,831,Matabeleland,4,4,Zimbabwe,1,,,1983-01-01,1987-12-27,SideB,ZAPU,
317,831,Matabeleland,4,4,Zimbabwe,1,,,1983-01-01,1987-12-27,SideA,Zimbabwe,
318,832,Fourth Burmese,5,7,Kachin Rebels,1,2800.0,1200.0,1983-02-01,1988-01-01,SideA,Burma,
760,832,Fourth Burmese,5,7,Kachin Rebels,1,2800.0,1200.0,1983-02-01,1988-01-01,SideB,Karen & Kachin Rebels,
762,833,Fourth Lebanese Civil,4,6,Druze,2,95.0,,1983-04-18,1984-02-28,SideB,,
319,833,Fourth Lebanese Civil,4,6,Druze,2,273.0,,1983-04-18,1984-02-28,SideA,United States,
321,833,Fourth Lebanese Civil,4,6,Druze,2,,,1983-04-18,1984-02-28,SideA,Lebanon,
320,833,Fourth Lebanese Civil,4,6,Druze,2,95.0,,1983-04-18,1984-02-28,SideA,France,
763,833,Fourth Lebanese Civil,4,6,Druze,2,,,1983-04-18,1984-02-28,SideB,Shi'ites & Druze,
761,833,Fourth Lebanese Civil,4,6,Druze,2,273.0,,1983-04-18,1984-02-28,SideB,,
765,835,First Sri Lanka Tamil,5,7,Tamils,3,8500.0,17000.0,1983-07-25,2002-02-22,SideB,Tamils,
322,835,First Sri Lanka Tamil,5,7,Tamils,3,1155.0,,1987-07-25,1990-05-24,SideA,India,
323,835,First Sri Lanka Tamil,5,7,Tamils,3,8500.0,17000.0,1983-07-25,2002-02-22,SideA,Sri Lanka,
764,835,First Sri Lanka Tamil,5,7,Tamils,3,1155.0,,1987-07-25,1990-05-24,SideB,,
766,836,Second South Sudan,4,6,SPLA-Garang faction,3,,,1983-11-17,1991-08-27,SideB,SPLA-Garang faction,
324,836,Second South Sudan,4,6,SPLA-Garang faction,3,,,1983-11-17,1991-08-27,SideA,Sudan,
325,837,Indian Golden Temple,5,7,India,6,,1200.0,1984-06-01,1984-07-28,SideA,India,
767,837,Indian Golden Temple,5,7,India,6,,1200.0,1984-06-01,1984-07-28,SideB,Sikhs,
768,838,First Turkish Kurds,5,6,"Kurds, PKK",7,1500.0,9000.0,1984-08-14,1986-03-01,SideB,"Kurds, PKK",
326,838,First Turkish Kurds,5,6,"Kurds, PKK",7,1500.0,9000.0,1984-08-14,1986-03-01,SideA,Turkey,
327,840,Fifth Iraqi  Kurds,5,6,Kurds,1,,,1985-01-01,1988-07-17,SideA,,
328,840,Fifth Iraqi  Kurds,5,6,Kurds,1,,,1985-01-01,1988-09-06,SideA,Iraq,
769,840,Fifth Iraqi  Kurds,5,6,Kurds,1,,,1985-01-01,1988-07-17,SideB,Iran,
770,840,Fifth Iraqi  Kurds,5,6,Kurds,1,,,1985-01-01,1988-09-06,SideB,Kurds,
329,842,South Yemen,4,6,PDRY,2,4200.0,8800.0,1986-01-13,1986-01-28,SideA,Yemen People's Republic,
771,842,South Yemen,4,6,PDRY,2,4200.0,8800.0,1986-01-13,1986-01-28,SideB,Leftist Factions,
330,843,Holy Spirit Movement,4,4,HSMF,1,2000.0,5000.0,1986-08-01,1987-10-01,SideA,Uganda,
772,843,Holy Spirit Movement,4,4,HSMF,1,2000.0,5000.0,1986-08-01,1987-10-01,SideB,HSMF,
331,845,Second Sri Lanka-JVP,4,7,JVP,1,,,1987-07-28,1989-12-28,SideA,Sri Lanka,
773,845,Second Sri Lanka-JVP,4,7,JVP,1,,,1987-07-28,1989-12-28,SideB,JVP,
774,846,Inkatha-ANC,7,4,Inkatha,6,,,1987-12-20,1994-04-26,SideB,ANC,
332,846,Inkatha-ANC,7,4,Inkatha,6,,,1987-12-20,1994-04-26,SideA,Inkatha,
333,847,Fifth Burmese,4,7,Pro-democracy,1,,,1988-03-01,1988-10-03,SideA,Burma,
775,847,Fifth Burmese,4,7,Pro-democracy,1,,,1988-03-01,1988-10-03,SideB,Pro-democracy,
776,848,First Somalia,4,4,USC,2,,,1988-05-26,1991-01-26,SideB,rebel clans,
334,848,First Somalia,4,4,USC,2,,,1988-05-26,1991-01-26,SideA,Somalia,
336,850,Fifth Lebanese,4,6,Lebanon,2,,2500.0,1989-02-01,1990-10-13,SideA,Lebanon,
778,850,Fifth Lebanese,4,6,Lebanon,2,,2500.0,1989-02-01,1990-10-13,SideB,militias,
777,850,Fifth Lebanese,4,6,Lebanon,2,,150.0,1989-02-01,1990-10-13,SideB,Syria,
335,850,Fifth Lebanese,4,6,Lebanon,2,,150.0,1989-02-01,1990-10-13,SideA,,
337,851,Second Afghan Mujahideen Uprising,4,7,Mujahadin,4,,,1989-02-16,2001-10-06,SideA,Afghanistan,
779,851,Second Afghan Mujahideen Uprising,4,7,Mujahadin,4,,,1989-02-16,2001-10-06,SideB,Mujahadin,
780,852,Third Chad (Deby Coup),4,4,Deby,2,3000.0,800.0,1989-03-01,1990-12-04,SideB,Deby's MPS,
338,852,Third Chad (Deby Coup),4,4,Deby,2,3000.0,800.0,1989-03-01,1990-12-04,SideA,Chad,
781,853,First Aceh,5,7,GAM,1,,,1989-06-01,1991-06-01,SideB,GAM,
339,853,First Aceh,5,7,GAM,1,,,1989-06-01,1991-06-01,SideA,Indonesia,
340,854,Bougainville Secession,5,7,P.N.G.,7,,,1989-07-14,1992-09-01,SideA,Papua New Guinea,
782,854,Bougainville Secession,5,7,P.N.G.,7,,,1989-07-14,1992-09-01,SideB,BRA,
341,856,Eighth Colombia,5,1,Drug Lords & FARC,5,10480.0,17681.0,1989-08-19,1991-01-01,SideA,Colombia,
783,856,Eighth Colombia,5,1,Drug Lords & FARC,5,10480.0,17681.0,1989-08-19,1991-01-01,SideB,FARC & Drug Lords,
342,857,First Cambodian Civil War,4,7,Khmer Rouge & KPNFL,3,,,1989-09-26,1991-10-23,SideA,Cambodia,
784,857,First Cambodian Civil War,4,7,Khmer Rouge & KPNFL,3,,,1989-09-26,1991-10-23,SideB,Khmer Rouge & KPNFL,
785,858,Romania,4,2,Anti-Ceaucescu Rebels,2,300.0,700.0,1989-12-18,1989-12-26,SideB,Anti-Ceaucescu Rebels,
343,858,Romania,4,2,Anti-Ceaucescu Rebels,2,300.0,700.0,1989-12-18,1989-12-26,SideA,Romania,
345,860,First Liberia,4,4,NPFL,7,0.0,,1990-11-01,1990-11-28,SideA,Nigeria,
787,860,First Liberia,4,4,NPFL,7,0.0,,1990-11-01,1990-11-28,SideB,,
344,860,First Liberia,4,4,NPFL,7,,,1989-12-24,1990-11-28,SideA,Liberia,
786,860,First Liberia,4,4,NPFL,7,,,1989-12-24,1990-11-28,SideB,NPFL,
788,861,Kashmir Insurgents,5,7,Kashmiri Guerillas,7,6000.0,21700.0,1990-09-19,2005-10-08,SideB,Kashmiri Guerillas,
346,861,Kashmir Insurgents,5,7,Kashmiri Guerillas,7,6000.0,21700.0,1990-09-19,2005-10-08,SideA,India,
347,862,Shiite and Kurdish,5,6,Shiites,1,,,1991-03-01,1991-03-28,SideA,Iraq,
789,862,Shiite and Kurdish,5,6,Shiites,1,,,1991-03-01,1991-03-28,SideB,Shiites & Kurds,
348,863,First Sierra Leone,4,4,RUF,1,,,1991-03-23,1996-04-23,SideA,Sierra Leone,
790,863,First Sierra Leone,4,4,RUF,1,,,1991-03-23,1996-04-23,SideB,RUF,
349,864,Croatian Independence,5,2,Yugoslavia,2,,,1991-05-02,1992-01-02,SideA,Yugoslavia/Serbia,
791,864,Croatian Independence,5,2,Yugoslavia,2,,,1991-05-02,1992-01-02,SideB,Croatia,
350,865,Second Turkish Kurds,5,6,"Kurds, PKK",6,3500.0,13000.0,1991-07-10,1999-02-16,SideA,Turkey,
792,865,Second Turkish Kurds,5,6,"Kurds, PKK",6,3500.0,13000.0,1991-07-10,1999-02-16,SideB,"Kurds, PKK",
793,866,The SPLA Division (Dinka-Nuer) War,7,4,Nuer faction,7,,,1991-08-28,1992-11-01,SideB,Nuer faction,
351,866,The SPLA Division (Dinka-Nuer) War,7,4,Nuer faction,7,,,1991-08-28,1992-11-01,SideA,Garang faction,
352,868,Jukun-Tiv War,7,4,Tiv,6,,,1991-10-01,1992-03-01,SideA,Jukun,
794,868,Jukun-Tiv War,7,4,Tiv,6,,,1991-10-01,1992-03-01,SideB,Tiv,
795,870,Second Somalia,4,4,Aideed Faction,3,,,1992-12-13,1995-03-01,SideB,,
796,870,Second Somalia,4,4,Aideed Faction,3,,,1991-11-01,1997-01-01,SideB,Aideed Faction,
797,870,Second Somalia,4,4,Aideed Faction,3,24.0,,1992-12-13,1995-03-01,SideB,,
798,870,Second Somalia,4,4,Aideed Faction,3,,,1992-12-13,1995-03-01,SideB,,
800,870,Second Somalia,4,4,Aideed Faction,3,44.0,,1992-12-13,1994-03-25,SideB,,
353,870,Second Somalia,4,4,Aideed Faction,3,,,1992-12-13,1995-03-01,SideA,Nigeria,
354,870,Second Somalia,4,4,Aideed Faction,3,,,1991-11-01,1997-01-01,SideA,Somalia,
355,870,Second Somalia,4,4,Aideed Faction,3,24.0,,1992-12-13,1995-03-01,SideA,Pakistan,
356,870,Second Somalia,4,4,Aideed Faction,3,,,1992-12-13,1995-03-01,SideA,Australia,
357,870,Second Somalia,4,4,Aideed Faction,3,2.0,,1992-12-13,1995-03-01,SideA,France,
358,870,Second Somalia,4,4,Aideed Faction,3,44.0,,1992-12-13,1994-03-25,SideA,United States of America,
799,870,Second Somalia,4,4,Aideed Faction,3,2.0,,1992-12-13,1995-03-01,SideB,,
801,870,Second Somalia,4,4,Aideed Faction,3,,,1992-12-13,1995-03-01,SideB,,
359,870,Second Somalia,4,4,Aideed Faction,3,,,1992-12-13,1995-03-01,SideA,Italy,
360,871,Georgia,4,2,Reform,2,,,1991-12-26,1992-03-01,SideA,Georgia,
802,871,Georgia,4,2,Reform,2,,,1991-12-26,1992-03-01,SideB,Reform,
804,872,Nagorno-Karabakh,5,2,Nagorno-Karabakh,4,7000.0,3000.0,1991-12-26,1993-02-05,SideB,Nagorno-Karabakh,
362,872,Nagorno-Karabakh,5,2,Nagorno-Karabakh,4,7000.0,3000.0,1991-12-26,1993-02-05,SideA,Azerbaijan,
361,872,Nagorno-Karabakh,5,2,Nagorno-Karabakh,4,,1000.0,1991-12-26,1993-02-05,SideA,,
803,872,Nagorno-Karabakh,5,2,Nagorno-Karabakh,4,,1000.0,1991-12-26,1993-02-05,SideB,Armenia,
805,873,Dniestrian Independence,5,2,Dniestria,3,,,1991-12-26,1992-07-02,SideB,Dniestria,
363,873,Dniestrian Independence,5,2,Dniestria,3,,,1991-12-26,1992-07-02,SideA,Moldova,
806,875,Algerian Islamic Front,4,6,Algeria,3,,,1992-02-07,1999-06-01,SideB,Islamic Front,
364,875,Algerian Islamic Front,4,6,Algeria,3,,,1992-02-07,1999-06-01,SideA,Algeria,
366,876,Tajikistan,4,7,United Tajik Opposition,3,,,1992-05-01,1997-06-27,SideA,Tadzhikistan,
808,876,Tajikistan,4,7,United Tajik Opposition,3,,,1992-05-01,1997-06-27,SideB,United Tajik Opposition,
807,876,Tajikistan,4,7,United Tajik Opposition,3,,,1993-03-01,1997-06-27,SideB,,
365,876,Tajikistan,4,7,United Tajik Opposition,3,,,1993-03-01,1997-06-27,SideA,Russia,
810,877,Bosnian-Serb Rebellion,5,2,Bosnian Serbs,1,0.0,,1995-08-28,1995-09-20,SideB,,
809,877,Bosnian-Serb Rebellion,5,2,Bosnian Serbs,1,27500.0,18543.0,1992-06-06,1994-12-28,SideB,Bosnian Serbs,
812,877,Bosnian-Serb Rebellion,5,2,Bosnian Serbs,1,,,1992-10-19,1994-02-22,SideB,,
367,877,Bosnian-Serb Rebellion,5,2,Bosnian Serbs,1,27500.0,18543.0,1992-06-06,1994-12-28,SideA,Bosnia,
368,877,Bosnian-Serb Rebellion,5,2,Bosnian Serbs,1,0.0,,1995-08-28,1995-09-20,SideA,United States,
369,877,Bosnian-Serb Rebellion,5,2,Bosnian Serbs,1,,185.0,1994-02-23,1994-12-28,SideA,,
370,877,Bosnian-Serb Rebellion,5,2,Bosnian Serbs,1,,,1992-10-19,1994-02-22,SideA,Croatia,
811,877,Bosnian-Serb Rebellion,5,2,Bosnian Serbs,1,,185.0,1994-02-23,1994-12-28,SideB,Croatia,
371,878,Second Liberia,4,4,NPFL & ULIMO,3,,,1992-10-15,1995-08-19,SideA,Liberia,
813,878,Second Liberia,4,4,NPFL & ULIMO,3,,,1992-10-15,1995-08-19,SideB,NPFL & ULIMO,
814,878,Second Liberia,4,4,NPFL & ULIMO,3,,,1992-10-15,1992-12-28,SideB,,
372,878,Second Liberia,4,4,NPFL & ULIMO,3,,,1992-10-15,1992-12-28,SideA,Nigeria,
815,880,Angolan War of the Cities,4,4,UNITA,3,,,1992-10-28,1994-11-15,SideB,UNITA,
373,880,Angolan War of the Cities,4,4,UNITA,3,,,1992-10-28,1994-11-15,SideA,Angola,
374,881,Second Cambodia Civil,4,7,Khmer Rouge,1,,,1993-01-28,1997-07-01,SideA,Cambodia,
816,881,Second Cambodia Civil,4,7,Khmer Rouge,1,,,1993-01-28,1997-07-01,SideB,Khmer Rouge,
375,882,Abkhazia Revolt,5,2,Georgia,2,5000.0,3000.0,1993-08-18,1994-04-14,SideA,Georgia,
817,882,Abkhazia Revolt,5,2,Georgia,2,5000.0,3000.0,1993-08-18,1994-04-14,SideB,Abkhazia,
376,883,Second Burundi,4,4,Tutsi army,7,,,1993-10-21,1998-06-01,SideA,Burundi,
818,883,Second Burundi,4,4,Tutsi army,7,,,1993-10-21,1998-06-01,SideB,Tutsi army,
819,885,South Yemeni Secessionist,5,6,South Yemen,1,,,1994-02-21,1994-07-07,SideB,South Yemen,
377,885,South Yemeni Secessionist,5,6,South Yemen,1,,,1994-02-21,1994-07-07,SideA,Yemen,
820,886,Second Rwanda,4,4,Patriotic Front,2,,,1994-04-06,1994-07-18,SideB,Patriotic Front,
378,886,Second Rwanda,4,4,Patriotic Front,2,,,1994-04-06,1994-07-18,SideA,Rwanda,
821,888,First Chechnya,5,2,Chechnya,2,4000.0,6000.0,1994-12-11,1996-08-28,SideB,Chechnya,
379,888,First Chechnya,5,2,Chechnya,2,4000.0,6000.0,1994-12-11,1996-08-28,SideA,Russia,
380,890,Iraqi Kurd Internecine,7,6,KDP,6,,,1994-12-20,1995-08-11,SideA,PUK,
822,890,Iraqi Kurd Internecine,7,6,KDP,6,,,1994-12-20,1995-08-11,SideB,KDP,
823,891,Croatia-Krajina War,5,2,Krajinian Serba,1,,,1995-05-01,1995-11-01,SideB,Krajinia Serbs,
381,891,Croatia-Krajina War,5,2,Krajinian Serba,1,,,1995-05-01,1995-11-01,SideA,Croatia,
382,892,Third Liberia,4,4,National Patriotic Forces,3,,,1996-04-05,1996-08-20,SideA,Liberia,
824,892,Third Liberia,4,4,National Patriotic Forces,3,,,1996-04-05,1996-08-20,SideB,NPFL,
383,893,Sixth Iraqi Kurds,5,6,PUK,6,,,1996-08-28,1996-10-23,SideA,Iraq,
825,893,Sixth Iraqi Kurds,5,6,PUK,6,,,1996-08-28,1996-10-23,SideB,PUK,
384,895,Fifth DRC,4,4,Kabila-ADFL,2,,,1997-01-01,1997-01-28,SideA,,
385,895,Fifth DRC,4,4,Kabila-ADFL,2,,,1997-01-01,1997-05-17,SideA,,
386,895,Fifth DRC,4,4,Kabila-ADFL,2,,,1997-04-28,1997-05-17,SideA,,
829,895,Fifth DRC,4,4,Kabila-ADFL,2,,,1996-10-08,1997-05-17,SideB,ADFL,
828,895,Fifth DRC,4,4,Kabila-ADFL,2,,,1997-04-28,1997-05-17,SideB,Angola,
827,895,Fifth DRC,4,4,Kabila-ADFL,2,,,1997-01-01,1997-05-17,SideB,Rwanda,
826,895,Fifth DRC,4,4,Kabila-ADFL,2,,,1997-01-01,1997-01-28,SideB,Uganda,
387,895,Fifth DRC,4,4,Kabila-ADFL,2,,,1996-10-08,1997-05-17,SideA,DRC,
388,896,Third Rwanda,4,4,Hutu rebels,1,300.0,3000.0,1997-03-17,1998-10-28,SideA,Rwanda,
830,896,Third Rwanda,4,4,Hutu rebels,1,300.0,3000.0,1997-03-17,1998-10-28,SideB,Hutu rebels,
831,897,First Congo (Brazzaville),4,4,FDU,2,,,1997-10-10,1997-10-15,SideB,Angola,
832,897,First Congo (Brazzaville),4,4,FDU (Cobra militia),2,,,1997-06-05,1997-10-15,SideB,FDU (Cobra militia),
389,897,First Congo (Brazzaville),4,4,FDU,2,,,1997-10-10,1997-10-15,SideA,,
390,897,First Congo (Brazzaville),4,4,FDU (Cobra militia),2,,,1997-06-05,1997-10-15,SideA,Congo,
833,898,Second Sierra Leone,4,4,Kabbah faction,2,,,1998-02-06,1999-07-07,SideB,Kabbah faction,
835,898,Second Sierra Leone,4,4,Kabbah faction,2,,,1998-02-06,1999-07-07,SideB,Nigeria,
834,898,Second Sierra Leone,4,4,Kabbah faction,2,,,1998-02-06,1999-07-07,SideB,Ghana,
394,898,Second Sierra Leone,4,4,Kabbah faction,2,,,1998-02-06,1999-07-07,SideA,,
393,898,Second Sierra Leone,4,4,Kabbah faction,2,,,1998-02-06,1999-07-07,SideA,,
391,898,Second Sierra Leone,4,4,Kabbah faction,2,,,1998-02-06,1999-07-07,SideA,Sierra Leone,
392,898,Second Sierra Leone,4,4,Kabbah faction,2,,,1998-02-06,1999-07-07,SideA,,
836,898,Second Sierra Leone,4,4,Kabbah faction,2,,,1998-02-06,1999-07-07,SideB,Guinea,
837,898,Second Sierra Leone,4,4,Kabbah faction,2,,,2000-05-08,2000-11-10,SideB,United Kingdom,
395,898,Second Sierra Leone,4,4,Kabbah faction,2,,,2000-05-08,2000-11-10,SideA,,
838,900,Kosovo Independence,5,2,Yugoslavia,4,400.0,800.0,1998-02-28,1999-03-23,SideB,KLA,
396,900,Kosovo Independence,5,2,Yugoslavia,4,400.0,800.0,1998-02-28,1999-03-23,SideA,Yugoslavia,
841,902,Guinea-Bissau Military,4,4,Man Junta,2,,,1998-06-09,1998-11-01,SideB,,
399,902,Guinea-Bissau Military,4,4,Man Junta,2,,,1998-06-09,1998-11-01,SideA,Senegal,
840,902,Guinea-Bissau Military,4,4,Man Junta,2,,,1998-06-07,1999-05-06,SideB,Man Junta,
839,902,Guinea-Bissau Military,4,4,Man Junta,2,,,1998-06-09,1998-11-01,SideB,,
397,902,Guinea-Bissau Military,4,4,Man Junta,2,,,1998-06-09,1998-11-01,SideA,Guinea,
398,902,Guinea-Bissau Military,4,4,Man Junta,2,,,1998-06-07,1999-05-06,SideA,Guinea-Bissau,
400,905,Africa's World War,4,4,,3,,,1998-08-24,2002-11-04,SideA,Angola,
401,905,Africa's World War,4,4,,3,,,1998-09-17,2002-07-22,SideA,Sudan,
402,905,Africa's World War,4,4,,3,,,1998-08-28,2001-08-04,SideA,Namibia,
408,905,Africa's World War,4,4,"RCD, MLC, et al",3,,,1998-08-02,2002-12-17,SideA,Democratic Republic of Congo,
404,905,Africa's World War,4,4,,3,,,1998-08-11,2002-07-22,SideA,,
405,905,Africa's World War,4,4,,3,,,1998-09-17,2002-07-22,SideA,,
406,905,Africa's World War,4,4,,3,,,1998-08-26,2002-07-22,SideA,,
407,905,Africa's World War,4,4,,3,,,1998-09-28,1999-04-18,SideA,Chad,
403,905,Africa's World War,4,4,,3,,,1998-08-21,2002-09-13,SideA,Zimbabwe,
844,905,Africa's World War,4,4,,3,,,1998-08-28,2001-08-04,SideB,,
842,905,Africa's World War,4,4,,3,,,1998-08-24,2002-11-04,SideB,,
845,905,Africa's World War,4,4,,3,,,1998-08-21,2002-09-13,SideB,,
846,905,Africa's World War,4,4,,3,,,1998-08-11,2002-07-22,SideB,Rwanda,
843,905,Africa's World War,4,4,,3,,,1998-09-17,2002-07-22,SideB,,
850,905,Africa's World War,4,4,"RCD, MLC, et al",3,,,1998-08-02,2002-12-17,SideB,"RCD, MLC, et al",
849,905,Africa's World War,4,4,,3,,,1998-09-28,1999-04-18,SideB,,
848,905,Africa's World War,4,4,,3,,,1998-08-26,2002-07-22,SideB,Uganda,
847,905,Africa's World War,4,4,,3,,,1998-09-17,2002-07-22,SideB,Burundi,
409,906,Fourth Chad (Togoimi Revolt),4,4,MDD & MDJT,7,,,1998-10-16,2000-04-28,SideA,Chad,
851,906,Fourth Chad (Togoimi Revolt),4,4,MDD & MDJT,7,,,1998-10-16,2000-04-28,SideB,MDD & MDJT,
852,907,Third Angolan,4,4,Angola,1,,,1998-12-04,2002-02-22,SideB,UNITA,
410,907,Third Angolan,4,4,Angola,1,,,1998-12-04,2002-02-22,SideA,Angola,
411,908,Second Congo (Brazzaville),4,4,Ninjas and Cocoye militias,1,,,1998-12-15,1999-11-16,SideA,Congo (Brazzaville),
853,908,Second Congo (Brazzaville),4,4,Ninjas and Cocoye militias,1,,,1998-12-15,1999-11-16,SideB,Ninjas and Cocoye militias,
412,910,Moluccas Sectarian,7,7,Laskar Jihad,7,,1800.0,1999-01-01,2000-08-22,SideA,Laskar Jihad,
854,910,Moluccas Sectarian,7,7,Laskar Jihad,7,,1800.0,1999-01-01,2000-08-22,SideB,FKM & RMS,
855,911,First Nigeria Christian-Muslim,7,4,Muslim Fulani,1,,,1999-05-01,2000-05-28,SideB,Muslim Fulani,
413,911,First Nigeria Christian-Muslim,7,4,Muslim Fulani,1,,,1999-05-01,2000-05-28,SideA,Christian Tarok,
414,912,Second Aceh,5,7,GAM,3,330.0,3500.0,1999-05-03,2002-12-09,SideA,Indonesia,
856,912,Second Aceh,5,7,GAM,3,330.0,3500.0,1999-05-03,2002-12-09,SideB,GAM,
857,913,Oromo Liberation,5,4,Oromo Lib. Front,1,200.0,800.0,1999-05-28,1999-08-18,SideB,Oromo Lib. Front,
415,913,Oromo Liberation,5,4,Oromo Lib. Front,1,200.0,800.0,1999-05-28,1999-08-18,SideA,Ethiopia,
858,915,Second Chechen,5,2,Cechnya,1,5000.0,15000.0,1999-08-07,2003-10-03,SideB,Chechnya,
416,915,Second Chechen,5,2,Cechnya,1,5000.0,15000.0,1999-08-07,2003-10-03,SideA,Russia,
859,916,Second Philippine-Moro,5,7,Phillippines,3,,,2000-04-23,2001-06-22,SideB,MILF,
417,916,Second Philippine-Moro,5,7,Phillippines,3,,,2000-04-23,2001-06-22,SideA,Philippines,
418,917,Guinean,4,4,RDFG,6,,,2000-09-11,2001-04-01,SideA,Guinea ,
860,917,Guinean,4,4,RDFG,6,,,2000-09-11,2001-04-01,SideB,RDFG,
419,918,Third Burundi,4,4,FNL,3,150.0,3000.0,2001-03-21,2003-10-08,SideA,Burundi,
861,918,Third Burundi,4,4,FNL,3,150.0,3000.0,2001-03-21,2003-10-08,SideB,FNL & FROLINA,
420,920,Fourth Rwanda,4,4,ALIR,1,,1800.0,2001-05-21,2001-09-04,SideA,Rwanda,
862,920,Fourth Rwanda,4,4,ALIR,1,,1800.0,2001-05-21,2001-09-04,SideB,Army for the Liberation of Rwanda,
863,921,First Nepal Maoist Insurgency,4,7,CPN,6,680.0,3100.0,2001-11-23,2003-01-28,SideB,CPN,
421,921,First Nepal Maoist Insurgency,4,7,CPN,6,680.0,3100.0,2001-11-23,2003-01-28,SideA,Nepal ,
864,922,Fourth Liberian,4,4,LURD & MODEL,2,,,2002-02-01,2003-08-11,SideB,LURD & MODEL,
422,922,Fourth Liberian,4,4,LURD & MODEL,2,,,2002-02-01,2003-08-11,SideA,Liberia,
423,923,Ethiopian Anyuaa-Nuer,7,4,Nuer,7,,,2002-08-01,2003-01-01,SideA,Anyuaa,
865,923,Ethiopian Anyuaa-Nuer,7,4,Nuer,7,,,2002-08-01,2003-01-01,SideB,Nuer,
866,925,Cote d'Ivoire Military,4,4,"MPCI, MPIGO, MJP",2,9.0,,2002-12-11,2004-11-16,SideB,,
867,925,Cote d'Ivoire Military,4,4,"MPCI, MPIGO, MJP",2,200.0,2500.0,2002-09-19,2004-11-16,SideB,"MPCI, MPIGO, MJP",
425,925,Cote d'Ivoire Military,4,4,"MPCI, MPIGO, MJP",2,200.0,2500.0,2002-09-19,2004-11-16,SideA,Cote d'Ivoire,
424,925,Cote d'Ivoire Military,4,4,"MPCI, MPIGO, MJP",2,9.0,,2002-12-11,2004-11-16,SideA,France,
868,926,Third Philippine-Moro,5,7,Phillippines,7,410.0,590.0,2003-02-11,2003-07-01,SideB,MILF & ASG,
426,926,Third Philippine-Moro,5,7,Phillippines,7,410.0,590.0,2003-02-11,2003-07-01,SideA,Phillippines,
427,927,Darfur,5,6,SLA,6,,,2003-02-26,2006-12-11,SideA,Sudan,
869,927,Darfur,5,6,SLA,6,,,2003-02-26,2006-12-11,SideB,SLA & JEM,
870,930,Third Aceh,5,7,Indonesia,1,150.0,1400.0,2003-05-18,2003-11-18,SideB,GAM,
428,930,Third Aceh,5,7,Indonesia,1,150.0,1400.0,2003-05-18,2003-11-18,SideA,Indonesia,
871,931,Second Nepal Maoists,4,7,CPN,3,1260.0,5770.0,2003-08-27,2006-04-26,SideB,CPN,
429,931,Second Nepal Maoists,4,7,CPN,3,1260.0,5770.0,2003-08-27,2006-04-26,SideA,Nepal,
873,932,Waziristan,5,7,US & Pakistan,2,1200.0,1800.0,2004-02-20,2006-09-05,SideB,Waziri tribes,
872,932,Waziristan,5,7,US & Pakistan,2,,,2004-02-20,2006-09-05,SideB,,
431,932,Waziristan,5,7,US & Pakistan,2,1200.0,1800.0,2004-02-20,2006-09-05,SideA,Pakistan,
430,932,Waziristan,5,7,US & Pakistan,2,,,2004-02-20,2006-09-05,SideA,United States,
432,933,Second Nigeria Christian-Muslim,7,4,Muslim Fulani,6,,,2004-03-01,2004-09-16,SideA,Christian Tarok,
874,933,Second Nigeria Christian-Muslim,7,4,Muslim Fulani,6,,,2004-03-01,2004-09-16,SideB,Muslim Fulani,
875,935,First Yemeni Cleric,4,6,Zaidi Muslims,1,900.0,1350.0,2004-06-21,2005-04-08,SideB,Zaidi Muslims,
433,935,First Yemeni Cleric,4,6,Zaidi Muslims,1,900.0,1350.0,2004-06-21,2005-04-08,SideA,Yemen,
876,936,Philippine Joint Offensive,5,7,Phillippines,7,723.0,2100.0,2005-01-17,2006-07-11,SideB,MILF & NPA,
434,936,Philippine Joint Offensive,5,7,Phillippines,7,723.0,2100.0,2005-01-17,2006-07-11,SideA,Phillippines,
877,937,Fifth Chad,4,4,FUDC,1,100.0,1000.0,2005-12-18,2006-12-20,SideB,FUDC,
435,937,Fifth Chad,4,4,FUDC,1,100.0,1000.0,2005-12-18,2006-12-20,SideA,Chad,
878,938,Third Somalia,4,4,SCIC,1,,,2007-01-07,2007-06-03,SideB,,
879,938,Third Somalia,4,4,SCIC,1,,,2006-03-06,2008-06-01,SideB,SCIC,
881,938,Third Somalia,4,4,SCIC,1,,,2006-10-19,2008-06-11,SideB,Eritrea,
880,938,Third Somalia,4,4,SCIC,1,,,2006-10-09,2008-06-11,SideB,,
439,938,Third Somalia,4,4,SCIC,1,,,2006-10-19,2008-06-11,SideA,,
438,938,Third Somalia,4,4,SCIC,1,,,2006-10-09,2008-06-11,SideA,Ethiopia,
437,938,Third Somalia,4,4,SCIC,1,,,2006-03-06,2008-06-01,SideA,Somalia,
436,938,Third Somalia,4,4,SCIC,1,,,2007-01-07,2007-06-03,SideA,United States,
882,940,Second Sri Lanka Tamil,5,7,Sri Lanka,5,,,2006-10-11,2007-01-01,SideB,LTTE,
440,940,Second Sri Lanka Tamil,5,7,Sri Lanka,5,,,2006-10-11,2007-01-01,SideA,Sri Lanka,
441,941,Second Yemeni Cleric,4,6,Zaidi Muslims,6,1500.0,2000.0,2007-01-28,2007-06-16,SideA,Yemen,
883,941,Second Yemeni Cleric,4,6,Zaidi Muslims,6,1500.0,2000.0,2007-01-28,2007-06-16,SideB,Zaidi Muslims,
